,EBDD Normal Predicted Beta,EBDD Probabilistic Predicted Beta,EBDD Calculated Beta,EBDD Norms,Kannan Normal Predicted Beta,Kannan Prob Predicted Beta,Kannan Calculated Beta,Kannan Norms,Times,,Average EBDD Normal Predicted Beta,Average EBDD Probabilistic Predicted Beta,Average EBDD Calculated Beta,Average EBDD Norm,Average Kannan Normal Predicted Beta,Average Kannan Probabilistic Predicted Beta,Average Kannan Calculated Beta,Average Kannan Norm,Total Time
0,21.19079183,26.51091599,30,1.420743582,33.43828407,32.62192706,28,0.95703125,53.93530393,,22.59168363,27.29330143,36.432,1.505149944,33.43828433,32.62192721,34.444,1.002810156,10.85814491
1,23.00083371,27.52249804,31,1.51136805,33.43828428,32.62192718,31,0.990234375,54.80310893,,0.699559538,0.400587203,5.634303506,0.207606257,1.22644E-07,7.09449E-08,5.787129167,0.117999156,
2,22.51956014,27.24558277,36,1.478013268,33.43828431,32.6219272,32,1.094921875,59.25223446,,,,,,,,,,
3,22.06373374,26.98762636,31,1.259563656,33.43828424,32.62192716,39,0.94296875,62.33437276,,,,,,,,,,
4,22.4152617,27.18630579,39,1.338900414,33.4382844,32.62192725,38,0.88046875,70.03883433,,,,,,,,,,
5,21.80980616,26.84763617,36,1.797693867,33.43828432,32.62192721,39,1,80.29491091,,,,,,,,,,
6,22.47307675,27.21914579,38,1.436403427,33.43828435,32.62192722,38,1.002734375,69.28220797,,,,,,,,,,
7,23.49096549,27.81250772,34,1.328804276,33.43828437,32.62192723,37,0.97109375,66.50852871,,,,,,,,,,
8,23.00394515,27.52432709,35,1.10577415,33.43828441,32.62192725,36,0.813671875,68.47109914,,,,,,,,,,
9,22.22866918,27.08063336,31,1.419385326,33.4382843,32.62192719,28,0.8671875,60.57189131,,,,,,,,,,
10,22.36344479,27.15691215,31,1.487588625,33.43828438,32.62192724,39,1.039453125,67.33642578,,,,,,,,,,
11,22.72066809,27.36135912,44,1.82038458,33.43828436,32.62192723,32,1.24921875,72.6826539,,,,,,,,,,
12,22.51509472,27.24304181,41,1.524813539,33.4382842,32.62192714,42,1.028125,76.10316563,,,,,,,,,,
13,21.62303282,26.74581636,33,1.330600591,33.43828456,32.62192735,24,0.894921875,57.30337429,,,,,,,,,,
14,22.50134661,27.23522044,48,1.756987313,33.43828449,32.6219273,39,1.09140625,94.40495849,,,,,,,,,,
15,21.94901247,26.92381988,35,1.695476684,33.43828429,32.62192719,33,1.0703125,67.29572868,,,,,,,,,,
16,21.39313618,26.62110567,38,1.842463631,33.43828422,32.62192715,34,1.09140625,69.015203,,,,,,,,,,
17,22.13016245,27.02504036,33,1.382957746,33.43828448,32.62192729,43,1.0015625,74.90592718,,,,,,,,,,
18,22.3034228,27.12291055,38,1.601695698,33.43828434,32.62192722,40,1.016796875,73.19401598,,,,,,,,,,
19,21.17395847,26.50187187,37,1.570738174,33.4382844,32.62192725,34,0.951953125,68.44595098,,,,,,,,,,
20,23.16293308,27.61799106,42,1.727633666,33.43828441,32.62192725,32,1.083984375,70.78033447,,,,,,,,,,
21,22.51071371,27.24054914,34,1.509890311,33.43828421,32.62192714,31,1.08515625,64.62055826,,,,,,,,,,
22,22.5229114,27.24748993,36,1.311790469,33.43828416,32.62192711,35,0.89296875,66.44193625,,,,,,,,,,
23,22.74295921,27.37413605,39,1.728387574,33.43828439,32.62192725,46,1.16015625,87.17598724,,,,,,,,,,
24,22.53113298,27.25216936,47,1.934620091,33.43828451,32.62192731,28,1.02109375,84.20590639,,,,,,,,,,
25,22.08674706,27.00058105,43,1.808532215,33.43828423,32.62192715,43,1.179296875,81.39629841,,,,,,,,,,
26,22.95980042,27.49881593,30,1.213788822,33.43828416,32.62192711,40,0.893359375,67.89895439,,,,,,,,,,
27,21.87794332,26.88489412,28,1.551025465,33.43828426,32.62192717,28,0.978125,58.68551517,,,,,,,,,,
28,23.66154725,27.91433562,43,1.561657183,33.43828426,32.62192717,34,1.071875,73.23694372,,,,,,,,,,
29,22.27066529,27.10437491,36,1.26984634,33.43828452,32.62192732,34,0.792578125,67.09470296,,,,,,,,,,
30,22.0901868,27.00251798,32,1.328226567,33.43828439,32.62192725,32,0.93984375,63.81872058,,,,,,,,,,
31,21.96796441,26.93421133,39,1.567525651,33.43828433,32.62192721,31,1.090234375,77.30094314,,,,,,,,,,
32,22.0964826,27.00606359,35,1.533505703,33.43828419,32.62192713,31,0.980859375,64.37777257,,,,,,,,,,
33,22.57628147,27.277883,37,1.569112481,33.43828438,32.62192724,19,0.98828125,60.56957412,,,,,,,,,,
34,23.84882468,28.02666413,39,1.202013925,33.43828445,32.62192728,36,0.841015625,71.37558889,,,,,,,,,,
35,22.31445695,27.1291575,38,1.671099566,33.43828431,32.6219272,35,1.018359375,70.09481645,,,,,,,,,,
36,22.44092958,27.2008799,33,1.285803939,33.43828438,32.62192724,36,0.87734375,65.3348608,,,,,,,,,,
37,21.56717278,26.71545184,41,1.672908056,33.43828448,32.6219273,31,0.979296875,70.02704,,,,,,,,,,
38,22.53517458,27.25447004,42,1.514577529,33.43828445,32.62192728,38,0.919921875,76.16241717,,,,,,,,,,
39,22.00346046,26.95373178,35,1.434566173,33.43828428,32.62192718,32,0.9375,63.95073676,,,,,,,,,,
40,21.79376148,26.8388716,39,1.582768402,33.43828435,32.62192722,27,0.822265625,66.5581274,,,,,,,,,,
41,22.66600095,27.3290651,39,1.41618945,33.4382843,32.6219272,37,1.0296875,72.01527643,,,,,,,,,,
42,22.38110243,27.16692445,34,1.59185108,33.43828442,32.62192726,25,1.03828125,58.81878018,,,,,,,,,,
43,23.39788733,27.7571406,40,1.373400715,33.43828409,32.62192707,29,0.92734375,68.88695145,,,,,,,,,,
44,22.87084537,27.44758264,35,1.093783443,33.43828453,32.62192733,34,0.72734375,66.28987312,,,,,,,,,,
45,21.6623566,26.76721623,47,1.682294962,33.4382844,32.62192725,24,1.011328125,82.4117763,,,,,,,,,,
46,22.39250095,27.17338996,40,1.442283851,33.43828424,32.62192716,29,0.984765625,68.11117768,,,,,,,,,,
47,22.00255142,26.95322096,31,1.397742501,33.4382844,32.62192725,31,0.903125,60.99505091,,,,,,,,,,
48,23.02897737,27.53904782,39,1.458861518,33.43828432,32.6219272,43,1.05859375,77.70373893,,,,,,,,,,
49,22.83154317,27.42498472,42,1.642193082,33.4382843,32.62192719,20,1.066796875,65.92390275,,,,,,,,,,
50,22.15912135,27.04136963,37,1.452499887,33.43828428,32.62192718,37,0.915625,70.19286036,,,,,,,,,,
51,21.58440883,26.72481676,33,1.438519823,33.43828434,32.62192722,29,0.869921875,61.67512965,,,,,,,,,,
52,22.701825,27.35056435,44,1.838088484,33.43828403,32.62192704,41,1.1890625,80.80721784,,,,,,,,,,
53,22.39855062,27.17682221,38,1.63287545,33.43828398,32.62192701,35,1.116796875,70.78508139,,,,,,,,,,
54,23.2315376,27.65853103,32,1.51962634,33.43828433,32.62192721,29,1.1296875,63.81587362,,,,,,,,,,
55,23.63159474,27.89642205,43,1.21057499,33.43828444,32.62192727,40,0.884765625,82.06467342,,,,,,,,,,
56,22.52721435,27.2499389,43,1.912367084,33.43828446,32.62192728,33,1.203125,73.14082909,,,,,,,,,,
57,22.4169155,27.18724454,35,1.44339582,33.4382846,32.62192737,35,1.038671875,67.09371686,,,,,,,,,,
58,22.88817892,27.45755645,35,1.245082168,33.43828436,32.62192723,38,0.947265625,69.2452476,,,,,,,,,,
59,21.49899644,26.67844683,31,1.227270513,33.4382845,32.62192731,34,0.76640625,63.20639038,,,,,,,,,,
60,21.85174171,26.8705597,38,1.782515291,33.4382843,32.62192719,34,1.187109375,69.16366649,,,,,,,,,,
61,22.55098468,27.26347212,39,1.80113326,33.43828444,32.62192727,45,1.1390625,84.0655303,,,,,,,,,,
62,21.44761492,26.65059718,37,1.541450673,33.43828442,32.62192726,32,1.021875,64.04651594,,,,,,,,,,
63,22.21875312,27.0750311,45,1.933871292,33.43828464,32.62192739,35,1.1859375,79.2949388,,,,,,,,,,
64,22.55757684,27.26722664,34,1.384661345,33.43828436,32.62192723,33,0.993359375,63.63067317,,,,,,,,,,
65,23.62231293,27.89087383,43,1.680743978,33.43828431,32.6219272,36,1.106640625,75.85709906,,,,,,,,,,
66,23.10448474,27.58351128,36,1.766778662,33.43828434,32.62192721,49,1.241015625,103.2476254,,,,,,,,,,
67,21.37779848,26.61280959,32,1.47432536,33.43828433,32.62192721,38,1.0328125,71.15430355,,,,,,,,,,
68,23.59487625,27.8744815,31,1.473516864,33.43828438,32.62192724,38,1.036328125,65.93975687,,,,,,,,,,
69,22.43266212,27.19618468,32,1.484668502,33.43828422,32.62192715,32,0.9828125,64.24272442,,,,,,,,,,
70,23.32971818,27.71667786,36,1.379211939,33.43828426,32.62192717,35,0.995703125,68.12722278,,,,,,,,,,
71,22.93984267,27.48731094,35,1.500832899,33.4382844,32.62192725,39,1.00078125,73.1378088,,,,,,,,,,
72,23.14553204,27.60772021,41,1.333217366,33.43828426,32.62192717,41,0.894140625,81.14983964,,,,,,,,,,
73,22.20593085,27.06778893,26,1.224602748,33.43828439,32.62192724,25,0.80703125,63.09517956,,,,,,,,,,
74,24.15659343,28.21490647,36,1.167613515,33.43828434,32.62192722,28,0.8890625,63.57339072,,,,,,,,,,
75,22.51001557,27.24015195,46,1.887958553,33.4382842,32.62192714,34,1.09609375,87.02964377,,,,,,,,,,
76,20.8984239,26.35589866,38,1.628666821,33.43828463,32.62192738,30,0.941015625,68.77629852,,,,,,,,,,
77,21.65290141,26.76206892,32,1.604204612,33.43828427,32.62192717,38,1.052734375,68.70727038,,,,,,,,,,
78,23.40358539,27.7605261,26,1.240526974,33.43828431,32.6219272,23,0.87265625,54.83861279,,,,,,,,,,
79,23.29800667,27.69788021,34,1.493571591,33.4382843,32.62192719,32,1.098046875,63.1910975,,,,,,,,,,
80,22.67458509,27.33496863,32,1.282669715,33.4382843,32.62192719,38,1.017578125,66.98936486,,,,,,,,,,
81,21.9415672,26.91973889,43,1.55847193,33.43828435,32.62192722,43,0.951171875,82.61302185,,,,,,,,,,
82,22.89720967,27.46275459,40,1.527139597,33.43828437,32.62192723,45,1.04140625,82.97483349,,,,,,,,,,
83,23.34760704,27.7272889,29,1.07293286,33.43828429,32.62192719,24,0.712890625,57.76195097,,,,,,,,,,
84,22.46989083,27.21733493,34,1.383306458,33.43828415,32.62192711,28,0.9265625,61.79420495,,,,,,,,,,
85,22.2756519,27.1071956,38,1.389510542,33.4382842,32.62192714,32,0.93203125,67.01488066,,,,,,,,,,
86,23.06489713,27.56018842,37,1.453967916,33.4382844,32.62192725,39,0.940625,70.94016099,,,,,,,,,,
87,23.03493185,27.54255093,37,1.55639764,33.43828435,32.62192722,38,1.07734375,70.62211227,,,,,,,,,,
88,21.97499068,26.93806507,38,1.818700522,33.43828426,32.62192717,43,1.0921875,80.17281795,,,,,,,,,,
89,22.5395381,27.25695424,33,1.403164038,33.4382844,32.62192725,28,0.939453125,62.04002404,,,,,,,,,,
90,23.58838248,27.87060349,28,0.958827272,33.43828423,32.62192715,27,0.64609375,58.82115698,,,,,,,,,,
91,23.83915547,28.02085088,43,1.492674509,33.43828426,32.62192717,31,1.0484375,73.59854436,,,,,,,,,,
92,22.6927203,27.34535038,38,1.485273303,33.43828424,32.62192716,36,1.06875,71.4733448,,,,,,,,,,
93,22.20562085,27.06761386,36,1.656274227,33.4382844,32.62192725,38,1.098046875,71.05437446,,,,,,,,,,
94,22.2554921,27.09579428,40,1.754616081,33.43828441,32.62192726,41,1.26015625,80.56657457,,,,,,,,,,
95,23.11347752,27.58881278,44,1.556377614,33.43828431,32.6219272,44,1.0703125,87.5359695,,,,,,,,,,
96,21.73257873,26.80548064,34,1.493884079,33.43828426,32.62192717,28,0.8421875,62.12314177,,,,,,,,,,
97,22.3078943,27.12544188,45,1.445554462,33.43828442,32.62192726,28,0.915625,72.81517982,,,,,,,,,,
98,22.20288193,27.06606719,46,1.848578471,33.4382842,32.62192714,38,1.06875,84.51729083,,,,,,,,,,
99,23.10316988,27.58273624,23,1.299791897,33.43828431,32.6219272,30,0.9125,57.15409207,,,,,,,,,,
100,22.31229905,27.12793569,43,1.667803499,33.43828446,32.62192729,32,1.0796875,72.47600293,,,,,,,,,,
101,23.98558827,28.10904772,36,1.303024017,33.43828434,32.62192721,28,0.918359375,64.31062555,,,,,,,,,,
102,22.77255938,27.39111393,38,1.660609597,33.43828426,32.62192717,41,1.1796875,76.07339144,,,,,,,,,,
103,23.12797155,27.59736011,42,1.38128352,33.43828438,32.62192724,23,0.9109375,67.69761372,,,,,,,,,,
104,23.04818007,27.55034705,43,1.543376013,33.43828431,32.6219272,34,1.11796875,73.1054883,,,,,,,,,,
105,21.15823351,26.49342622,37,1.577690091,33.43828428,32.62192718,33,1.069140625,68.02703285,,,,,,,,,,
106,22.21217834,27.0713173,29,1.181147758,33.43828442,32.62192726,22,0.823046875,55.77629375,,,,,,,,,,
107,22.37163544,27.16155591,35,1.610179737,33.43828453,32.62192733,41,1.13515625,75.82007933,,,,,,,,,,
108,22.43636731,27.1982888,40,1.371806605,33.43828432,32.62192721,38,0.901953125,97.22678208,,,,,,,,,,
109,21.72907347,26.80356909,37,1.330647565,33.43828437,32.62192724,30,0.8296875,101.6069801,,,,,,,,,,
110,23.18689748,27.63214371,28,1.150824612,33.43828431,32.6219272,34,0.865625,98.36277437,,,,,,,,,,
111,22.3805765,27.16662617,38,1.727033087,33.43828429,32.62192719,37,0.9578125,114.9798591,,,,,,,,,,
112,22.37336548,27.16253689,29,1.106283849,33.43828451,32.62192731,32,0.741796875,100.0213184,,,,,,,,,,
113,22.92566244,27.47914017,33,1.217414176,33.4382843,32.62192719,30,0.85546875,101.8682244,,,,,,,,,,
114,22.79100517,27.40170061,40,1.618987665,33.43828436,32.62192723,44,1.105078125,128.2562399,,,,,,,,,,
115,22.23645035,27.08503043,35,1.544328945,33.43828423,32.62192715,34,0.94453125,100.8560674,,,,,,,,,,
116,22.69269572,27.34533631,44,1.562254556,33.4382844,32.62192725,37,0.951171875,120.1776843,,,,,,,,,,
117,23.22092027,27.65225214,40,1.694247313,33.43828439,32.62192724,39,0.99921875,112.4583662,,,,,,,,,,
118,22.19747736,27.06301553,31,1.137033643,33.43828439,32.62192725,32,0.759765625,93.18770552,,,,,,,,,,
119,22.60516299,27.29434683,38,1.513618838,33.43828416,32.62192711,38,1.14765625,125.6433008,,,,,,,,,,
120,22.27198648,27.10512222,40,2.008839358,33.43828442,32.62192726,33,1.1828125,118.0827205,,,,,,,,,,
121,23.39511265,27.7554922,30,1.466305747,33.43828442,32.62192726,31,0.974609375,97.5939281,,,,,,,,,,
122,22.03344606,26.97058789,19,1.278861281,33.43828442,32.62192726,35,0.996484375,95.20301819,,,,,,,,,,
123,22.97754081,27.50904774,41,1.434628805,33.43828406,32.62192705,33,0.857421875,110.1528063,,,,,,,,,,
124,24.00590841,28.12136285,33,1.095049986,33.43828441,32.62192726,32,0.86171875,111.0821288,,,,,,,,,,
125,22.9460033,27.4908617,40,1.48871236,33.43828427,32.62192717,28,0.961328125,115.026834,,,,,,,,,,
126,22.79258226,27.40260599,31,1.475671889,33.43828438,32.62192724,28,0.96953125,96.71050048,,,,,,,,,,
127,22.95578467,27.4965005,27,1.246990471,33.43828433,32.62192721,31,0.87265625,97.15529084,,,,,,,,,,
128,23.45903289,27.79349722,37,1.51825169,33.43828449,32.6219273,27,1.068359375,106.37203,,,,,,,,,,
129,21.32182645,26.58256004,38,1.673116355,33.43828434,32.62192722,42,1.048828125,137.0590973,,,,,,,,,,
130,21.82679128,26.8569181,32,1.455373795,33.43828432,32.6219272,45,1.03046875,140.8824761,,,,,,,,,,
131,22.6172767,27.30125565,41,1.743908545,33.4382843,32.62192719,36,1.12421875,123.0945826,,,,,,,,,,
132,21.95993878,26.92981026,25,1.049223864,33.43828436,32.62192723,39,0.7921875,108.5235846,,,,,,,,,,
133,22.29127649,27.11603591,41,1.471671391,33.4382843,32.62192719,27,0.97578125,116.2007337,,,,,,,,,,
134,22.97850176,27.5096021,24,1.412663,33.43828444,32.62192727,40,0.959765625,106.1598415,,,,,,,,,,
135,22.467549,27.21600393,39,1.623160441,33.43828439,32.62192725,43,1.085546875,134.509527,,,,,,,,,,
136,22.84067542,27.4302335,35,1.677478457,33.43828438,32.62192724,38,1.106640625,138.5628593,,,,,,,,,,
137,22.49999649,27.23445249,42,1.398446356,33.4382844,32.62192725,33,0.989453125,152.8495772,,,,,,,,,,
138,22.36674286,27.15878191,31,1.453006186,33.43828439,32.62192724,30,1.02109375,107.5209205,,,,,,,,,,
139,22.44471683,27.20303106,33,1.526622342,33.43828414,32.6219271,34,1.059765625,111.5465462,,,,,,,,,,
140,22.15891464,27.04125303,33,1.722023279,33.43828416,32.62192711,48,1.15859375,171.9279735,,,,,,,,,,
141,23.76739524,27.97775425,31,1.414978685,33.43828432,32.62192721,27,1.03828125,133.919172,,,,,,,,,,
142,22.79445134,27.40367905,44,1.848665851,33.43828419,32.62192713,44,1.14375,145.3650734,,,,,,,,,,
143,23.6409814,27.90203435,27,1.006617489,33.43828441,32.62192726,28,0.749609375,94.21327162,,,,,,,,,,
144,23.08292008,27.57080349,30,1.360453737,33.43828424,32.62192716,38,0.9140625,110.6565166,,,,,,,,,,
145,23.24878314,27.66873354,38,1.476081207,33.43828436,32.62192723,35,0.955859375,89.54586148,,,,,,,,,,
146,22.74570874,27.37571256,42,1.550834771,33.43828432,32.62192721,33,1.12578125,76.13433623,,,,,,,,,,
147,22.0544513,26.98240314,41,1.747365647,33.43828404,32.62192704,35,1.10234375,72.8378613,,,,,,,,,,
148,23.10740189,27.58523089,39,1.300588849,33.43828431,32.6219272,33,0.923828125,69.80930495,,,,,,,,,,
149,22.87015401,27.44718492,41,1.481848393,33.43828412,32.62192709,44,1.0171875,82.49466252,,,,,,,,,,
150,23.09272458,27.57658026,39,1.463099728,33.4382844,32.62192725,39,1.067578125,74.71513009,,,,,,,,,,
151,23.53769907,27.84035897,32,1.409436115,33.43828425,32.62192717,33,0.958203125,63.85219312,,,,,,,,,,
152,22.74716084,27.3765452,36,1.385570859,33.43828444,32.62192727,39,0.853125,71.69576883,,,,,,,,,,
153,22.55726634,27.26704978,41,1.429268558,33.43828422,32.62192715,31,0.8765625,74.18039417,,,,,,,,,,
154,23.50721994,27.82219074,37,1.548968736,33.43828421,32.62192714,29,1.064453125,65.47344708,,,,,,,,,,
155,22.82045808,27.41861524,33,1.491805487,33.4382845,32.62192731,34,1.023046875,68.35757136,,,,,,,,,,
156,21.9498035,26.92425352,36,1.685058353,33.43828433,32.62192721,31,0.989453125,65.73109794,,,,,,,,,,
157,21.86744379,26.87914895,44,1.834887683,33.43828427,32.62192718,31,1.2,74.77287865,,,,,,,,,,
158,22.89728922,27.46280038,44,1.387627846,33.43828436,32.62192723,36,0.94140625,78.47118092,,,,,,,,,,
159,21.47044158,26.66296543,31,1.624509277,33.43828423,32.62192715,38,0.885546875,68.77380204,,,,,,,,,,
160,20.86404472,26.33808668,36,1.6963259,33.4382846,32.62192737,21,1.140625,60.77692103,,,,,,,,,,
161,24.30404614,28.30591372,37,1.284674054,33.43828427,32.62192717,40,1.00703125,74.90188956,,,,,,,,,,
162,23.74931693,27.96691001,41,1.304112611,33.43828423,32.62192716,39,0.984375,79.8037138,,,,,,,,,,
163,22.39157644,27.17286549,39,1.157725735,33.43828424,32.62192716,26,0.8140625,67.61692095,,,,,,,,,,
164,21.51773441,26.68861154,36,1.635924844,33.43828455,32.62192734,41,1.05234375,76.68692231,,,,,,,,,,
165,24.07529669,28.16489438,30,1.286864361,33.43828416,32.62192711,28,1.018359375,61.51736236,,,,,,,,,,
166,21.59129559,26.72855964,38,1.645078081,33.4382845,32.62192731,29,1.025390625,70.73616171,,,,,,,,,,
167,23.55155557,27.84862356,33,1.38782463,33.43828415,32.62192711,34,0.98203125,68.11872554,,,,,,,,,,
168,22.23304172,27.08310414,32,1.39329183,33.43828453,32.62192733,42,0.978125,72.99556041,,,,,,,,,,
169,23.40500195,27.76136783,38,1.528335009,33.43828433,32.62192721,32,1.09921875,68.40314913,,,,,,,,,,
170,24.44465565,28.39305588,30,1.429799518,33.43828444,32.62192727,33,1.02109375,62.62034249,,,,,,,,,,
171,21.85083328,26.87006287,39,1.351325449,33.43828443,32.62192727,37,0.918359375,73.45531273,,,,,,,,,,
172,23.76655797,27.9772519,29,1.443633256,33.43828432,32.6219272,37,1.044140625,64.98711228,,,,,,,,,,
173,22.66117572,27.32630962,43,1.658817667,33.4382842,32.62192714,32,1.136328125,74.09038305,,,,,,,,,,
174,22.52621121,27.24936795,30,1.322112821,33.43828449,32.62192731,31,0.932421875,62.08161044,,,,,,,,,,
175,22.37551018,27.16375304,42,1.654058272,33.43828432,32.6219272,37,1.137109375,75.55216098,,,,,,,,,,
176,24.03881872,28.14151724,36,1.172066859,33.43828425,32.62192716,33,0.83125,69.4343636,,,,,,,,,,
177,23.67380551,27.92167099,40,1.411231043,33.43828437,32.62192723,35,0.9703125,72.20117402,,,,,,,,,,
178,22.72800518,27.36556381,42,1.738160989,33.43828425,32.62192717,41,1.1578125,81.0243547,,,,,,,,,,
179,22.81729173,27.4167962,43,1.533815945,33.43828439,32.62192725,39,1.0828125,80.971313,,,,,,,,,,
180,21.98650912,26.94438405,39,1.351865656,33.43828447,32.62192729,37,0.944921875,74.64133763,,,,,,,,,,
181,24.16147761,28.21791482,37,1.481236428,33.43828433,32.62192721,32,1.040625,67.03471613,,,,,,,,,,
182,23.18584917,27.63152441,34,1.414508217,33.43828439,32.62192725,28,0.953125,63.22106647,,,,,,,,,,
183,22.54765425,27.26157553,35,1.536584347,33.43828427,32.62192717,36,1.109765625,69.94379115,,,,,,,,,,
184,20.97981834,26.39812065,39,1.562102069,33.43828446,32.62192729,30,0.94140625,69.44495225,,,,,,,,,,
185,22.59937956,27.29104908,28,1.362490961,33.43828416,32.62192711,32,0.929296875,69.11426187,,,,,,,,,,
186,22.15477302,27.03891697,43,1.597495289,33.43828436,32.62192723,34,1.06875,76.01514363,,,,,,,,,,
187,23.40764183,27.76293655,39,1.457449067,33.43828438,32.62192724,23,0.93359375,68.86141038,,,,,,,,,,
188,22.38940591,27.1716342,44,1.891678301,33.43828411,32.62192708,43,1.288671875,90.14400268,,,,,,,,,,
189,22.94531872,27.4904671,39,1.523216018,33.43828431,32.6219272,40,1.039453125,78.84813929,,,,,,,,,,
190,21.665411,26.76887926,37,1.621418886,33.43828426,32.62192717,40,1.059375,77.13391137,,,,,,,,,,
191,22.72175169,27.36198005,32,1.543913837,33.43828435,32.62192722,26,0.951171875,62.59775543,,,,,,,,,,
192,21.5564152,26.70960883,32,1.517128025,33.43828436,32.62192723,33,1.00390625,68.12572575,,,,,,,,,,
193,22.16738176,27.04602961,50,2.022922622,33.43828428,32.62192718,41,1.266015625,140.8200059,,,,,,,,,,
194,21.80524075,26.84514192,31,1.50510134,33.43828432,32.62192721,33,1.03046875,64.95622897,,,,,,,,,,
195,23.66848828,27.91848885,34,1.401109656,33.43828427,32.62192718,37,0.979296875,72.15959549,,,,,,,,,,
196,21.1639003,26.49646944,42,2.010842912,33.43828425,32.62192717,48,1.22734375,108.3522229,,,,,,,,,,
197,22.31287911,27.12826411,40,1.377047937,33.43828426,32.62192717,32,1.048046875,71.5113101,,,,,,,,,,
198,22.31492622,27.12942322,40,1.635147994,33.43828426,32.62192717,41,1.130859375,77.19308901,,,,,,,,,,
199,22.47862381,27.22229906,38,1.79366391,33.43828414,32.6219271,36,1.232421875,73.75848722,,,,,,,,,,
200,23.55371707,27.84991304,33,1.160486678,33.43828433,32.62192721,22,0.827734375,58.37877822,,,,,,,,,,
201,23.06704958,27.56145589,33,1.501633108,33.4382843,32.6219272,24,0.990625,58.85784864,,,,,,,,,,
202,22.88953201,27.45833522,25,1.236293888,33.4382843,32.62192719,28,0.90390625,56.59018803,,,,,,,,,,
203,22.99948141,27.52170862,39,1.473692367,33.4382842,32.62192714,33,1.054296875,69.11617422,,,,,,,,,,
204,22.00802929,26.9562993,43,1.635667604,33.43828445,32.62192728,33,1.079296875,74.41010547,,,,,,,,,,
205,22.22748315,27.07996322,36,1.401774043,33.43828455,32.62192733,40,0.98515625,72.3996768,,,,,,,,,,
206,22.93622384,27.48522545,43,1.717118378,33.43828427,32.62192717,38,1.1296875,76.45448875,,,,,,,,,,
207,23.18157563,27.629,31,1.258479204,33.43828433,32.62192721,29,0.957421875,60.72408819,,,,,,,,,,
208,22.3437596,27.14575528,44,1.927824573,33.43828437,32.62192724,45,1.281640625,89.5499022,,,,,,,,,,
209,22.65375113,27.3220704,28,1.148467197,33.43828405,32.62192705,28,0.839453125,59.58727098,,,,,,,,,,
210,23.03909856,27.5450026,34,1.483814537,33.43828456,32.62192734,30,0.90859375,67.3503499,,,,,,,,,,
211,21.62934216,26.74924854,33,1.542676763,33.43828429,32.62192719,33,1.046484375,68.20485067,,,,,,,,,,
212,20.7148342,26.26092871,34,1.393958805,33.43828441,32.62192726,31,0.7828125,64.40391397,,,,,,,,,,
213,22.72553393,27.36414751,43,1.440064763,33.43828469,32.62192742,33,0.94140625,74.64737105,,,,,,,,,,
214,21.74627178,26.8129495,37,1.640549816,33.43828436,32.62192723,31,1.101171875,67.25029159,,,,,,,,,,
215,23.0043443,27.52456174,37,1.284592549,33.43828434,32.62192722,28,0.933984375,65.89703202,,,,,,,,,,
216,22.20956309,27.06984023,45,1.53340627,33.43828432,32.6219272,34,1.069140625,81.58312082,,,,,,,,,,
217,23.72646504,27.95320981,41,1.725362123,33.43828438,32.62192724,46,1.22578125,93.27521276,,,,,,,,,,
218,22.24579707,27.09031329,35,1.352768039,33.43828422,32.62192714,35,0.8546875,69.62899113,,,,,,,,,,
219,22.09110175,27.00303322,41,1.592448975,33.43828452,32.62192732,41,1.023828125,80.32988858,,,,,,,,,,
220,22.22922895,27.08094965,32,1.633115388,33.43828423,32.62192715,38,1.055859375,69.40263271,,,,,,,,,,
221,21.99115622,26.94693392,40,1.566837924,33.4382844,32.62192725,39,0.98515625,76.75564647,,,,,,,,,,
222,22.54265836,27.25873079,44,1.590553553,33.43828445,32.62192728,31,0.99140625,77.25075364,,,,,,,,,,
223,21.45129683,26.65259171,40,1.660602613,33.43828422,32.62192715,31,0.994140625,70.4377563,,,,,,,,,,
224,23.02377807,27.53598945,36,1.748554378,33.43828428,32.62192718,30,1.126953125,68.98110652,,,,,,,,,,
225,22.8142535,27.4150509,48,1.680647437,33.43828427,32.62192717,28,1.122265625,93.19758391,,,,,,,,,,
226,22.49499447,27.23160756,26,1.520131471,33.43828435,32.62192722,36,0.9578125,63.57204509,,,,,,,,,,
227,23.46189337,27.7951995,38,1.761158457,33.43828434,32.62192722,35,1.20546875,70.83142376,,,,,,,,,,
228,22.75537151,27.38125382,39,1.674871478,33.43828429,32.62192719,25,0.93828125,69.770401,,,,,,,,,,
229,21.70645822,26.79123997,43,1.526022568,33.4382841,32.62192708,29,0.913671875,71.92926574,,,,,,,,,,
230,23.56876455,27.85889195,25,1.104239773,33.4382845,32.62192731,22,0.843359375,53.95797062,,,,,,,,,,
231,22.92308459,27.47765511,41,1.627787533,33.43828441,32.62192726,29,0.998046875,68.61991811,,,,,,,,,,
232,23.15509811,27.61336593,41,1.376620945,33.4382843,32.6219272,28,0.93828125,66.76993442,,,,,,,,,,
233,22.98071616,27.51087963,44,1.595725259,33.43828441,32.62192726,45,1.11328125,88.83257294,,,,,,,,,,
234,23.07228671,27.56454008,35,1.436019546,33.43828447,32.62192729,45,1.03203125,79.65112448,,,,,,,,,,
235,21.25882883,26.54856115,31,1.749640103,33.43828417,32.62192712,37,0.994140625,65.82469082,,,,,,,,,,
236,22.60219251,27.29265298,44,1.745826767,33.43828418,32.62192712,36,1.078515625,78.32012153,,,,,,,,,,
237,24.20918178,28.24731975,40,1.290985442,33.43828428,32.62192718,31,0.962890625,72.36343694,,,,,,,,,,
238,22.8006171,27.40721925,43,2.029951593,33.43828405,32.62192705,39,1.26015625,90.02992392,,,,,,,,,,
239,22.15397193,27.03846514,37,1.35074111,33.43828443,32.62192727,37,1.04453125,71.05344343,,,,,,,,,,
240,22.59310736,27.28747315,41,1.422675712,33.43828437,32.62192723,33,0.915625,72.05595493,,,,,,,,,,
241,22.37005817,27.16066159,40,1.550923206,33.43828416,32.62192711,39,1.091796875,77.05520439,,,,,,,,,,
242,22.88493378,27.45568884,35,1.65047807,33.43828437,32.62192724,29,1.129296875,64.39773917,,,,,,,,,,
243,21.66062872,26.7662755,36,1.511246074,33.4382843,32.62192719,39,0.9046875,71.50154066,,,,,,,,,,
244,23.47139839,27.80085687,37,1.704267147,33.43828427,32.62192718,43,1.103125,77.93500686,,,,,,,,,,
245,21.95549558,26.92737408,36,1.524963312,33.43828438,32.62192724,33,0.9921875,67.70041156,,,,,,,,,,
246,22.54486788,27.25998888,38,1.476547187,33.43828438,32.62192724,26,0.9140625,63.99765658,,,,,,,,,,
247,24.37123784,28.34751174,35,1.244537064,33.43828432,32.62192721,30,0.91171875,64.07619214,,,,,,,,,,
248,21.51467009,26.68694894,35,1.708746876,33.43828467,32.62192741,33,1.19296875,67.18030643,,,,,,,,,,
249,23.29050143,27.69343365,36,1.462089885,33.43828436,32.62192723,39,1.01015625,71.95395494,,,,,,,,,,
250,22.84743724,27.43412066,39,1.438179252,33.43828447,32.62192729,36,0.957421875,72.61977029,,,,,,,,,,
251,23.85380576,28.02965941,32,1.430175835,33.43828446,32.62192729,38,1.030078125,68.60819888,,,,,,,,,,
252,23.20622581,27.64356505,28,1.438516322,33.43828419,32.62192713,35,1.021484375,62.80820513,,,,,,,,,,
253,22.16013225,27.04193986,29,1.375027586,33.43828431,32.6219272,35,0.934765625,67.82790375,,,,,,,,,,
254,23.5691252,27.85910719,24,1.284881274,33.43828439,32.62192724,38,0.92265625,64.70522761,,,,,,,,,,
255,21.61139825,26.73948871,36,1.421977223,33.43828416,32.62192711,27,0.91484375,64.43836522,,,,,,,,,,
256,21.05810132,26.43971388,24,1.556453134,33.43828415,32.62192711,35,0.91640625,61.80346298,,,,,,,,,,
257,21.52329418,26.6916284,43,1.559724131,33.43828422,32.62192715,35,1.0671875,76.2161901,,,,,,,,,,
258,22.27272651,27.1055408,41,1.467136396,33.43828451,32.62192731,43,0.985546875,82.9538033,,,,,,,,,,
259,23.7049768,27.94033474,31,1.78933702,33.43828441,32.62192726,39,1.165234375,70.28033495,,,,,,,,,,
260,22.04945288,26.97959103,40,2.01140163,33.43828418,32.62192712,41,1.299609375,79.1370337,,,,,,,,,,
261,22.28267673,27.11116979,33,1.782321413,33.43828428,32.62192718,31,1.203515625,64.11736798,,,,,,,,,,
262,22.56317799,27.2704172,31,1.5373007,33.43828414,32.6219271,34,0.994140625,64.63751316,,,,,,,,,,
263,22.30370351,27.12306946,34,1.372646477,33.43828423,32.62192715,28,0.922265625,62.98330808,,,,,,,,,,
264,22.73094206,27.36724708,28,1.295548433,33.43828438,32.62192724,28,0.78828125,58.65069938,,,,,,,,,,
265,23.30330866,27.70102196,36,1.457877041,33.4382845,32.62192731,34,0.948046875,68.69257188,,,,,,,,,,
266,22.5195598,27.24558258,31,1.624604569,33.43828413,32.6219271,37,1.176953125,68.17312336,,,,,,,,,,
267,23.18229579,27.62942539,37,1.698655776,33.43828432,32.62192721,32,1.20546875,68.2288146,,,,,,,,,,
268,23.1772753,27.62646005,38,1.583150449,33.43828446,32.62192729,36,1.141015625,76.76208234,,,,,,,,,,
269,23.25280545,27.67111382,32,1.689004559,33.43828437,32.62192723,31,0.988671875,77.08771133,,,,,,,,,,
270,22.03675526,26.97244888,35,1.806859064,33.43828448,32.6219273,36,1.105078125,69.41284537,,,,,,,,,,
271,22.39145354,27.17279577,32,1.667842351,33.4382845,32.62192731,38,1.215625,67.10064578,,,,,,,,,,
272,22.7466836,27.37627154,32,1.38392168,33.43828433,32.62192721,41,0.91171875,70.41020536,,,,,,,,,,
273,22.10405405,27.01032833,48,1.934985568,33.43828439,32.62192724,47,1.355078125,118.1889558,,,,,,,,,,
274,23.2222902,27.65306219,39,1.481661052,33.43828436,32.62192723,37,1.0328125,71.8248899,,,,,,,,,,
275,22.5336155,27.25358251,43,1.932193524,33.43828446,32.62192729,41,1.33671875,79.09930253,,,,,,,,,,
276,23.61315546,27.88540127,38,1.382906166,33.43828416,32.62192711,26,0.957421875,63.36701608,,,,,,,,,,
277,22.04554137,26.97739065,33,1.467537816,33.43828423,32.62192715,20,0.959375,56.30051827,,,,,,,,,,
278,22.74052985,27.37274322,28,1.264434013,33.43828419,32.62192713,31,0.86015625,58.68149471,,,,,,,,,,
279,22.44215231,27.20157439,40,1.882357059,33.4382846,32.62192737,36,1.108203125,71.42399311,,,,,,,,,,
280,22.14108463,27.03119777,47,1.563059676,33.43828435,32.62192722,26,0.93125,82.28909016,,,,,,,,,,
281,22.21382153,27.07224541,27,1.554604608,33.43828455,32.62192734,41,0.975,66.57901692,,,,,,,,,,
282,23.0213449,27.53455834,48,1.900243893,33.43828429,32.62192719,43,1.21796875,100.3325887,,,,,,,,,,
283,22.88691555,27.45682935,27,1.193736692,33.43828436,32.62192723,32,0.849609375,60.7250042,,,,,,,,,,
284,21.68137768,26.77757461,41,1.881993037,33.4382842,32.62192714,40,1.130859375,84.50071406,,,,,,,,,,
285,21.80645682,26.84580628,41,1.466627387,33.43828432,32.62192721,39,0.997265625,79.94653726,,,,,,,,,,
286,22.50459427,27.23706781,45,1.684383795,33.43828435,32.62192722,42,1.06328125,87.83301258,,,,,,,,,,
287,23.5380094,27.84054403,37,1.486278886,33.43828447,32.62192729,43,1.098828125,78.39133978,,,,,,,,,,
288,23.60796171,27.88229805,47,1.73396965,33.4382844,32.62192725,40,1.1703125,94.64596248,,,,,,,,,,
289,21.03162282,26.42552983,34,1.513239244,33.43828434,32.62192722,21,0.875390625,58.17882752,,,,,,,,,,
290,23.6233944,27.8915202,36,1.581827574,33.43828441,32.62192726,40,1.044921875,74.38396311,,,,,,,,,,
291,24.6956457,28.54947993,41,1.45328869,33.4382841,32.62192708,32,1.1328125,70.71498799,,,,,,,,,,
292,22.47893588,27.22247647,31,1.297567939,33.4382844,32.62192725,33,0.877734375,64.59274888,,,,,,,,,,
293,22.0629843,26.98720461,40,1.66070437,33.43828423,32.62192715,36,1.03359375,72.87490726,,,,,,,,,,
294,23.3950459,27.75545255,43,1.592006109,33.43828414,32.6219271,42,1.08125,82.34260297,,,,,,,,,,
295,22.38592433,27.16965933,29,1.265807392,33.43828446,32.62192729,34,0.8515625,63.07217932,,,,,,,,,,
296,22.4136925,27.1854151,26,1.21008989,33.43828436,32.62192723,24,0.87578125,55.56804013,,,,,,,,,,
297,22.35257024,27.15074818,41,1.54008071,33.4382845,32.62192731,31,1.164453125,70.81711912,,,,,,,,,,
298,22.52796148,27.25036414,51,2.0265339,33.43828423,32.62192715,35,1.16015625,124.6456063,,,,,,,,,,
299,22.20201848,27.06557962,28,1.309134742,33.43828424,32.62192716,36,0.924609375,65.30607462,,,,,,,,,,
300,21.82974271,26.85853137,41,1.934667703,33.43828437,32.62192723,43,1.210546875,85.86076331,,,,,,,,,,
301,22.79367716,27.40323458,28,1.085929288,33.43828428,32.62192718,31,0.82265625,61.45998549,,,,,,,,,,
302,22.34753151,27.14789266,33,1.559892223,33.43828434,32.62192722,41,1.002734375,77.09704328,,,,,,,,,,
303,23.18884154,27.63329221,31,1.250631956,33.43828421,32.62192714,27,0.834375,61.02861357,,,,,,,,,,
304,22.12818927,27.02392814,33,1.47534042,33.43828419,32.62192713,36,0.991015625,69.03129387,,,,,,,,,,
305,23.37627849,27.74430638,32,1.332259909,33.43828426,32.62192717,32,0.955078125,64.13017583,,,,,,,,,,
306,23.19270262,27.63557341,43,1.251943049,33.43828417,32.62192712,33,0.928515625,75.61138773,,,,,,,,,,
307,23.05072323,27.55184394,39,1.548529391,33.43828432,32.6219272,33,0.9765625,70.60714555,,,,,,,,,,
308,22.36774957,27.15935267,33,1.374353277,33.43828437,32.62192723,38,0.88046875,70.64338255,,,,,,,,,,
309,21.50608396,26.68229103,38,2.053224583,33.43828432,32.6219272,37,1.298828125,73.57133722,,,,,,,,,,
310,23.72894288,27.95469493,37,1.234899985,33.43828436,32.62192723,34,0.8796875,69.75965428,,,,,,,,,,
311,21.73535617,26.8069954,44,1.403908487,33.43828438,32.62192724,31,0.93125,75.4007566,,,,,,,,,,
312,22.37904007,27.16575482,34,1.386661092,33.4382844,32.62192725,32,1.041015625,66.06638527,,,,,,,,,,
313,21.95926561,26.92944115,33,1.301985374,33.43828452,32.62192732,27,0.909375,60.95386958,,,,,,,,,,
314,23.2373023,27.66194092,37,1.182581991,33.43828445,32.62192728,27,0.78203125,63.11119056,,,,,,,,,,
315,22.79929538,27.4064603,41,1.399546996,33.43828438,32.62192724,36,0.96015625,72.22691083,,,,,,,,,,
316,24.56743672,28.46943625,44,1.652415174,33.43828438,32.62192724,40,1.048828125,80.53855324,,,,,,,,,,
317,23.05328468,27.55335168,45,1.5253891,33.43828431,32.6219272,41,1.069140625,84.51669717,,,,,,,,,,
318,23.17953588,27.6277952,24,1.150570351,33.43828438,32.62192724,38,0.855078125,62.59627771,,,,,,,,,,
319,21.95464229,26.92690625,33,1.421304854,33.43828413,32.6219271,34,1.00859375,65.97397661,,,,,,,,,,
320,22.67118525,27.33202598,29,1.527459752,33.43828437,32.62192723,43,1.10546875,72.06332684,,,,,,,,,,
321,22.96697519,27.50295342,29,1.592494041,33.43828436,32.62192723,36,1.025390625,68.50276709,,,,,,,,,,
322,22.78397682,27.39766619,36,1.533489321,33.43828444,32.62192727,39,0.92265625,71.57962155,,,,,,,,,,
323,21.53386228,26.69736398,36,1.613729713,33.43828447,32.62192729,31,1.00078125,64.08232117,,,,,,,,,,
324,22.45917134,27.21124304,46,1.768947495,33.43828428,32.62192718,34,1.146875,81.62082672,,,,,,,,,,
325,22.74121842,27.37313799,37,1.637267836,33.43828431,32.6219272,42,1.06328125,77.14974046,,,,,,,,,,
326,22.89136324,27.45938922,39,1.613356354,33.43828429,32.62192719,34,1.053515625,70.88390136,,,,,,,,,,
327,21.45651929,26.65542107,35,1.704578639,33.43828445,32.62192728,40,1.0203125,78.28063273,,,,,,,,,,
328,22.17931983,27.05276595,47,2.184130923,33.4382842,32.62192714,45,1.24296875,112.2119446,,,,,,,,,,
329,22.44662642,27.20411578,39,1.437815891,33.43828428,32.62192718,28,0.964453125,67.4966054,,,,,,,,,,
330,22.08411745,26.99910042,41,1.772145359,33.43828418,32.62192712,41,1.21640625,81.77437568,,,,,,,,,,
331,22.52702503,27.24983114,30,1.230252734,33.43828439,32.62192724,17,0.85390625,55.06119323,,,,,,,,,,
332,22.1837115,27.05524455,45,1.660219181,33.43828429,32.62192719,42,1.051953125,89.2438345,,,,,,,,,,
333,23.31182001,27.70606639,33,1.330086352,33.4382843,32.62192719,24,0.963671875,60.40309668,,,,,,,,,,
334,23.19616042,27.63761655,38,1.53018466,33.4382841,32.62192708,33,1.015234375,70.2842977,,,,,,,,,,
335,22.01558687,26.96054703,42,1.561341655,33.4382844,32.62192725,37,1.18515625,76.61107183,,,,,,,,,,
336,22.78953556,27.40085696,32,1.44850452,33.43828442,32.62192726,37,0.97890625,68.05946565,,,,,,,,,,
337,23.08813346,27.57387501,27,1.247543759,33.43828441,32.62192726,35,0.840234375,63.84821582,,,,,,,,,,
338,23.4660053,27.79764673,31,1.213298061,33.43828422,32.62192715,38,0.91640625,68.90187287,,,,,,,,,,
339,22.02095581,26.96356512,40,1.784710313,33.43828423,32.62192715,41,1.224609375,78.76243758,,,,,,,,,,
340,22.58683373,27.28389695,45,1.698841345,33.43828414,32.6219271,42,1.143359375,88.32621384,,,,,,,,,,
341,21.46461963,26.65981027,34,1.477931942,33.43828413,32.62192709,39,0.86953125,77.59616828,,,,,,,,,,
342,21.75800343,26.81935046,35,1.671455177,33.43828438,32.62192724,42,1.06328125,77.60949349,,,,,,,,,,
343,22.49673204,27.23259577,41,1.572185289,33.43828437,32.62192723,37,1.028515625,75.600528,,,,,,,,,,
344,23.76193231,27.97447677,43,1.761854721,33.43828442,32.62192726,41,1.13984375,82.56316566,,,,,,,,,,
345,22.20311049,27.06619626,42,1.538812563,33.43828411,32.62192708,30,0.997265625,72.03749132,,,,,,,,,,
346,23.43522859,27.77933632,33,1.268949501,33.43828432,32.62192721,42,0.879296875,74.66424918,,,,,,,,,,
347,21.59263644,26.72928845,39,1.680134581,33.43828466,32.6219274,38,1.0296875,75.78203535,,,,,,,,,,
348,22.19461367,27.06139873,29,1.423745404,33.43828447,32.62192729,35,0.94296875,64.85190558,,,,,,,,,,
349,21.04350523,26.43189402,26,1.688021961,33.43828419,32.62192713,36,1.090234375,64.96141052,,,,,,,,,,
350,21.14395179,26.48575821,32,1.349303477,33.43828433,32.62192721,35,0.86953125,65.67282486,,,,,,,,,,
351,21.68598022,26.78008173,37,1.210716635,33.43828426,32.62192717,30,0.8078125,66.91841912,,,,,,,,,,
352,22.20935915,27.06972505,28,1.277436314,33.43828418,32.62192713,33,0.8265625,63.41941237,,,,,,,,,,
353,22.31683142,27.13050203,35,1.505872374,33.43828446,32.62192729,41,0.988671875,79.43734479,,,,,,,,,,
354,22.60753577,27.29569994,28,1.230792554,33.43828451,32.62192732,39,0.898828125,72.23267984,,,,,,,,,,
355,21.80620851,26.84567062,34,1.407172439,33.4382843,32.6219272,36,1.02109375,86.4947648,,,,,,,,,,
356,22.86293935,27.44303498,38,2.059220469,33.43828411,32.62192708,45,1.35390625,99.84126949,,,,,,,,,,
357,23.22132973,27.65249425,31,1.101873776,33.43828422,32.62192715,31,0.865625,72.23979497,,,,,,,,,,
358,21.90826628,26.90149444,37,1.550358373,33.43828449,32.6219273,37,1.035546875,81.346946,,,,,,,,,,
359,22.37677671,27.16447126,38,1.41157825,33.43828442,32.62192726,37,0.98046875,83.6481843,,,,,,,,,,
360,23.42250643,27.77177175,32,1.568362498,33.43828444,32.62192727,17,1.156640625,64.19694138,,,,,,,,,,
361,22.54404784,27.25952194,34,1.347132395,33.4382844,32.62192725,34,0.921484375,81.65259814,,,,,,,,,,
362,22.17943503,27.05283096,33,1.495158228,33.43828434,32.62192722,31,0.99296875,89.22494578,,,,,,,,,,
363,23.06527731,27.56041229,32,1.541396969,33.43828424,32.62192716,38,1.025,82.37299347,,,,,,,,,,
364,22.89387411,27.46083448,40,1.424355892,33.43828434,32.62192722,37,0.8390625,111.7983854,,,,,,,,,,
365,22.94688644,27.49137075,40,1.438629935,33.43828427,32.62192717,31,0.96171875,96.55601454,,,,,,,,,,
366,22.90408698,27.46671402,29,1.446275337,33.43828447,32.62192729,31,1.00859375,86.86799812,,,,,,,,,,
367,22.20633712,27.06801836,44,1.58479823,33.43828421,32.62192714,33,0.99921875,106.4644358,,,,,,,,,,
368,23.72192049,27.95048624,34,1.530501596,33.43828435,32.62192722,44,1.094921875,109.1421843,,,,,,,,,,
369,22.55456751,27.26551262,42,1.754316078,33.43828435,32.62192722,45,1.1,122.4840009,,,,,,,,,,
370,21.82582499,26.85638995,45,1.841139619,33.43828394,32.62192699,33,1.130078125,113.5432479,,,,,,,,,,
371,22.88980249,27.45849089,26,1.25268795,33.4382844,32.62192725,26,0.78828125,81.34172893,,,,,,,,,,
372,24.28441731,28.29377671,38,1.295638443,33.43828436,32.62192723,32,0.956640625,112.4615088,,,,,,,,,,
373,21.70699138,26.79153056,43,1.537324271,33.43828414,32.6219271,32,1.041796875,103.7972829,,,,,,,,,,
374,23.20546955,27.64311805,28,1.469341209,33.4382844,32.62192725,35,0.97421875,92.72683501,,,,,,,,,,
375,23.34515389,27.72583348,35,1.393304762,33.43828425,32.62192716,38,0.912890625,109.3965073,,,,,,,,,,
376,22.98991588,27.51618791,22,1.361730379,33.43828435,32.62192722,36,0.90859375,91.86535692,,,,,,,,,,
377,22.43805143,27.19924525,38,1.291194932,33.43828422,32.62192715,30,0.8640625,97.44099808,,,,,,,,,,
378,21.70725003,26.79167153,44,1.518665836,33.43828422,32.62192715,27,0.90546875,105.8904212,,,,,,,,,,
379,22.08017703,26.9968819,40,1.697715071,33.43828453,32.62192733,30,1.15390625,104.6291525,,,,,,,,,,
380,23.3188568,27.71023776,44,1.539407058,33.43828432,32.62192721,34,1.04921875,97.36819673,,,,,,,,,,
381,22.11961764,27.01909725,38,1.422584104,33.43828416,32.62192711,23,0.946875,80.51245761,,,,,,,,,,
382,22.07201195,26.9922855,35,1.361172146,33.43828442,32.62192726,27,0.858984375,72.22649097,,,,,,,,,,
383,22.92323712,27.47774298,30,1.335045777,33.43828449,32.6219273,28,0.9828125,76.77363992,,,,,,,,,,
384,23.69163853,27.93234658,35,1.290193112,33.43828433,32.62192721,29,0.973828125,79.09975624,,,,,,,,,,
385,22.84769818,27.43427068,33,1.254605753,33.4382843,32.62192719,25,0.83828125,91.56698847,,,,,,,,,,
386,22.71165074,27.35619263,30,1.601883713,33.43828417,32.62192712,43,1.124609375,87.42923403,,,,,,,,,,
387,22.84012869,27.42991923,41,1.72283732,33.43828434,32.62192722,26,1.1,88.31520224,,,,,,,,,,
388,22.17307231,27.04924039,42,1.409239018,33.43828454,32.62192733,40,0.971875,100.4332678,,,,,,,,,,
389,22.29440268,27.11780509,43,1.40644977,33.43828422,32.62192715,35,0.893359375,96.77328324,,,,,,,,,,
390,22.98891482,27.51561023,41,1.425110035,33.43828442,32.62192726,40,1.018359375,92.51056051,,,,,,,,,,
391,23.37067912,27.74098194,27,1.410748581,33.43828428,32.62192718,40,1.072265625,112.9639308,,,,,,,,,,
392,22.74758876,27.37679057,37,1.834785596,33.43828436,32.62192723,42,1.107421875,117.791975,,,,,,,,,,
393,23.42305454,27.7720976,43,1.85708641,33.43828427,32.62192718,39,1.28046875,119.7271874,,,,,,,,,,
394,22.93200447,27.48279412,41,1.246268614,33.43828455,32.62192734,31,0.86953125,105.4424367,,,,,,,,,,
395,23.30226654,27.70040441,36,1.176286595,33.43828429,32.62192719,27,0.80859375,96.84628916,,,,,,,,,,
396,23.10864017,27.58596086,28,1.493965808,33.43828432,32.6219272,39,0.890625,100.9968929,,,,,,,,,,
397,23.3198421,27.7108219,42,1.645171907,33.43828425,32.62192716,37,1.16171875,114.8743205,,,,,,,,,,
398,20.34271705,26.06954914,41,1.645533146,33.43828409,32.62192707,30,0.95546875,104.3051612,,,,,,,,,,
399,21.94540275,26.92184118,29,1.779784947,33.43828404,32.62192704,40,1.13515625,101.6800914,,,,,,,,,,
400,23.53971355,27.8415603,40,1.641744949,33.43828437,32.62192723,38,1.1984375,104.5559814,,,,,,,,,,
401,23.04033876,27.54573238,50,1.854406998,33.43828461,32.62192737,35,0.98671875,154.9930835,,,,,,,,,,
402,23.246513,27.66739024,31,1.451041651,33.43828415,32.62192711,35,1.06328125,91.25223589,,,,,,,,,,
403,23.5502123,27.84782224,39,1.243523164,33.43828432,32.6219272,33,0.870703125,96.72883725,,,,,,,,,,
404,22.30804166,27.12552531,30,1.313532266,33.43828425,32.62192716,29,0.915234375,83.25912905,,,,,,,,,,
405,21.51441246,26.68680917,39,1.927730067,33.43828451,32.62192732,43,1.12265625,109.0426345,,,,,,,,,,
406,22.32053781,27.13260089,42,1.431628796,33.43828442,32.62192726,24,0.891796875,95.23620057,,,,,,,,,,
407,21.83255423,26.86006826,36,1.541664854,33.43828442,32.62192727,42,1.0890625,104.5104094,,,,,,,,,,
408,23.07443328,27.56580434,40,1.423554027,33.43828444,32.62192728,39,0.901171875,129.3138309,,,,,,,,,,
409,23.83158469,28.01630026,40,1.406201292,33.43828433,32.62192721,28,1.0171875,95.76556301,,,,,,,,,,
410,22.11656766,27.01737855,26,1.278174303,33.43828435,32.62192722,42,0.95,96.5899024,,,,,,,,,,
411,21.52850058,26.69445387,33,1.534294394,33.43828413,32.6219271,29,0.976953125,67.10573626,,,,,,,,,,
412,22.39719851,27.17605506,30,1.364765867,33.43828422,32.62192715,35,0.9796875,67.61371064,,,,,,,,,,
413,22.53562053,27.25472392,40,1.679785968,33.43828425,32.62192717,31,1.0390625,71.5583415,,,,,,,,,,
414,22.85281746,27.43721409,29,1.308604919,33.4382843,32.62192719,31,0.839453125,62.53984261,,,,,,,,,,
415,22.50152678,27.23532292,45,1.684813941,33.43828427,32.62192718,40,1.0078125,85.71545267,,,,,,,,,,
416,21.49533117,26.67645907,37,1.70314857,33.43828436,32.62192723,34,1.065625,69.42642832,,,,,,,,,,
417,23.62179626,27.89056502,37,1.637034622,33.43828449,32.6219273,27,0.919921875,64.04533339,,,,,,,,,,
418,21.43661313,26.64463842,27,1.401985303,33.43828436,32.62192723,27,0.950390625,58.94953322,,,,,,,,,,
419,22.56932181,27.27391739,35,1.263375327,33.43828428,32.62192718,33,0.88984375,67.40659952,,,,,,,,,,
420,22.56964847,27.27410351,35,1.740506135,33.43828416,32.62192711,37,1.192578125,71.30727887,,,,,,,,,,
421,21.63435228,26.75197433,30,1.901322982,33.43828455,32.62192734,36,1.159765625,67.17569709,,,,,,,,,,
422,22.75414353,27.38054954,23,1.537872871,33.43828438,32.62192724,43,1.06875,80.47381926,,,,,,,,,,
423,23.62083244,27.88998899,43,1.390895519,33.43828431,32.6219272,39,1.071875,79.71045756,,,,,,,,,,
424,21.81004532,26.84776683,43,1.75774497,33.43828466,32.6219274,38,1.07734375,82.25900507,,,,,,,,,,
425,21.97952835,26.94055421,36,1.798616837,33.43828427,32.62192718,38,1.1,74.26767015,,,,,,,,,,
426,22.23218665,27.08262095,34,1.663498868,33.43828424,32.62192716,43,0.96015625,77.79133224,,,,,,,,,,
427,21.22019732,26.52773713,39,1.511340282,33.43828452,32.62192732,40,1.008203125,79.93951917,,,,,,,,,,
428,23.46840659,27.799076,38,1.43123739,33.43828425,32.62192716,33,1.070703125,73.16840291,,,,,,,,,,
429,21.91186867,26.90346737,38,1.643136033,33.43828438,32.62192724,38,1.080078125,77.12009668,,,,,,,,,,
430,22.67147773,27.33219303,37,1.366277364,33.43828419,32.62192713,35,0.96875,72.77147365,,,,,,,,,,
431,23.09167708,27.575963,47,1.847358836,33.43828421,32.62192714,43,1.16171875,101.4242949,,,,,,,,,,
432,22.93152595,27.4825184,40,1.739543437,33.43828431,32.6219272,43,1.188671875,82.64070082,,,,,,,,,,
433,23.5513217,27.84848404,37,1.274597831,33.43828428,32.62192718,38,0.918359375,81.07980323,,,,,,,,,,
434,22.95491222,27.49599748,40,2.040015363,33.43828454,32.62192733,45,1.1984375,88.25719976,,,,,,,,,,
435,22.6306554,27.30888829,29,1.304806215,33.43828412,32.62192709,26,0.85234375,59.70576549,,,,,,,,,,
436,21.96416935,26.9321301,41,1.581190913,33.43828444,32.62192727,31,1.03203125,72.8202343,,,,,,,,,,
437,22.89597737,27.46204519,27,1.430231804,33.43828429,32.62192719,42,1.02578125,71.80489969,,,,,,,,,,
438,22.28322679,27.11148101,47,2.08455462,33.43828412,32.62192709,26,1.1828125,87.54706001,,,,,,,,,,
439,23.77205872,27.98055247,45,1.723774888,33.43828429,32.62192719,35,1.13359375,84.68841386,,,,,,,,,,
440,22.95487263,27.49597466,39,1.508093718,33.43828437,32.62192723,37,1.10546875,76.55454135,,,,,,,,,,
441,23.26403428,27.67776007,36,1.322533788,33.43828439,32.62192725,31,0.844140625,67.85283113,,,,,,,,,,
442,22.12829095,27.02398546,44,1.540646091,33.43828415,32.62192711,44,0.951953125,90.13668895,,,,,,,,,,
443,21.75922138,26.82001509,43,1.635340849,33.43828428,32.62192718,34,1.049609375,76.29579496,,,,,,,,,,
444,21.39120695,26.62006199,22,1.275994207,33.43828412,32.62192709,33,0.90078125,60.85553241,,,,,,,,,,
445,22.39341485,27.17390842,33,1.450969916,33.43828427,32.62192718,37,0.884765625,71.00773931,,,,,,,,,,
446,23.53793966,27.84050245,29,1.445002957,33.43828418,32.62192713,39,1.030859375,70.10441971,,,,,,,,,,
447,22.4263476,27.1925992,33,1.345944186,33.43828421,32.62192714,31,0.970703125,66.10678792,,,,,,,,,,
448,22.73289648,27.36836733,38,1.218879147,33.43828444,32.62192727,37,0.8328125,75.73894763,,,,,,,,,,
449,21.83643544,26.86219007,34,1.418315163,33.43828413,32.62192709,31,0.879296875,66.03361845,,,,,,,,,,
450,23.26066958,27.67576832,33,1.316900808,33.43828426,32.62192717,29,0.8953125,65.12737465,,,,,,,,,,
451,21.24176604,26.53936126,38,1.695914944,33.43828402,32.62192703,40,0.920703125,78.55162311,,,,,,,,,,
452,22.24258682,27.08849868,31,1.128480954,33.43828431,32.6219272,27,0.75546875,63.0589397,,,,,,,,,,
453,21.79749714,26.84091194,28,1.672799138,33.43828419,32.62192713,34,1.054296875,65.46689439,,,,,,,,,,
454,22.36631159,27.15853741,34,1.293523827,33.43828427,32.62192717,28,0.88125,65.44837594,,,,,,,,,,
455,23.1195853,27.59241422,40,1.472456658,33.43828423,32.62192715,36,1.045703125,76.77891231,,,,,,,,,,
456,22.64762817,27.31857495,30,1.476347457,33.43828458,32.62192735,29,1.032421875,62.75188136,,,,,,,,,,
457,21.98378858,26.94289141,38,1.66527207,33.43828424,32.62192716,32,1.02265625,72.25561881,,,,,,,,,,
458,23.54060726,27.84209329,26,1.461264231,33.43828416,32.62192711,32,1.08515625,61.82704759,,,,,,,,,,
459,22.70977847,27.35512006,43,1.374700652,33.43828414,32.6219271,40,0.943359375,84.07464409,,,,,,,,,,
460,23.04770999,27.55007039,37,1.529119094,33.43828445,32.62192728,39,0.91171875,82.99012399,,,,,,,,,,
461,22.58046687,27.28026816,42,1.677151398,33.43828435,32.62192722,44,1.103125,89.15888834,,,,,,,,,,
462,22.72571463,27.36425107,40,1.329251943,33.43828409,32.62192707,37,0.953125,78.52683568,,,,,,,,,,
463,23.1469251,27.60854228,41,1.150992805,33.43828443,32.62192727,33,0.867578125,77.58853173,,,,,,,,,,
464,22.86098558,27.44191128,30,1.422921935,33.43828434,32.62192721,34,0.870703125,67.1807797,,,,,,,,,,
465,21.89624002,26.89490922,35,1.449945797,33.43828439,32.62192724,35,1.029296875,72.10328722,,,,,,,,,,
466,23.51094704,27.82441162,29,1.385904982,33.43828429,32.62192719,40,0.996484375,72.82169652,,,,,,,,,,
467,21.53831423,26.6997806,42,1.523554914,33.43828435,32.62192722,30,1.012109375,74.77616024,,,,,,,,,,
468,22.66699647,27.32963363,36,1.376827298,33.4382842,32.62192714,35,0.924609375,71.83379173,,,,,,,,,,
469,23.35635419,27.73247925,39,1.397288263,33.43828432,32.6219272,27,1.01171875,69.19068313,,,,,,,,,,
470,22.64422471,27.31663221,36,1.577528105,33.43828445,32.62192728,47,1.075390625,96.82142329,,,,,,,,,,
471,22.36342202,27.15689925,42,1.416857452,33.43828404,32.62192704,31,0.991015625,76.01667738,,,,,,,,,,
472,22.44174891,27.20134526,38,1.361610046,33.43828439,32.62192725,25,0.897265625,67.60415626,,,,,,,,,,
473,23.72297188,27.95111632,42,1.596725867,33.43828437,32.62192724,36,1.11015625,78.30587006,,,,,,,,,,
474,22.32345099,27.1342507,31,1.388702504,33.4382843,32.62192719,33,0.955859375,66.12665677,,,,,,,,,,
475,22.33296524,27.1396397,41,1.401834821,33.43828423,32.62192715,33,1.028515625,76.31737995,,,,,,,,,,
476,23.35169279,27.72971313,38,1.404974205,33.43828442,32.62192726,35,0.9421875,74.3616581,,,,,,,,,,
477,21.98652393,26.94439217,43,1.664298744,33.43828434,32.62192722,27,0.914453125,72.81805086,,,,,,,,,,
478,22.79227005,27.40242675,39,1.637502641,33.43828446,32.62192729,32,1.06640625,72.25053,,,,,,,,,,
479,22.79782805,27.40561778,25,1.104767415,33.43828425,32.62192716,27,0.803515625,58.205199,,,,,,,,,,
480,22.27229029,27.10529406,36,1.49798901,33.43828413,32.6219271,27,1.036328125,65.49242115,,,,,,,,,,
481,21.83657432,26.86226599,42,1.652621943,33.43828419,32.62192713,30,0.936328125,73.71181393,,,,,,,,,,
482,22.58399066,27.28227647,35,1.59955556,33.43828422,32.62192714,29,0.9734375,65.45439267,,,,,,,,,,
483,22.30981098,27.126527,34,1.226142972,33.43828444,32.62192727,34,0.860546875,69.43512321,,,,,,,,,,
484,23.11926231,27.59222376,46,1.804521628,33.43828422,32.62192715,43,1.249609375,95.84518671,,,,,,,,,,
485,22.61320439,27.29893286,38,1.335599515,33.43828434,32.62192722,33,0.843359375,70.49643874,,,,,,,,,,
486,23.49445721,27.81458744,25,1.089063934,33.43828449,32.6219273,25,0.737890625,57.20692062,,,,,,,,,,
487,22.12889062,27.02432347,33,1.147607952,33.4382845,32.62192731,35,0.794921875,69.39297605,,,,,,,,,,
488,22.71516049,27.3582034,33,1.141379874,33.43828431,32.6219272,24,0.8984375,67.46930265,,,,,,,,,,
489,22.49950099,27.23417066,30,1.429898955,33.43828439,32.62192724,26,1.0296875,60.89379001,,,,,,,,,,
490,22.86996889,27.44707842,28,1.528296629,33.43828424,32.62192716,36,1.05078125,65.86930656,,,,,,,,,,
491,22.12271138,27.02084074,32,1.561589028,33.43828432,32.62192721,26,0.99453125,61.4123776,,,,,,,,,,
492,22.96912586,27.5041938,41,1.363314119,33.43828464,32.62192739,26,0.914453125,72.67259073,,,,,,,,,,
493,22.94662425,27.49121962,27,0.975247003,33.43828433,32.62192721,21,0.67890625,55.80244422,,,,,,,,,,
494,22.22783526,27.08016217,49,1.866132438,33.4382845,32.62192731,43,1.225390625,115.6374199,,,,,,,,,,
495,22.55760697,27.2672438,35,1.707491281,33.43828419,32.62192713,37,1.10625,70.55981827,,,,,,,,,,
496,21.63081346,26.75004898,35,1.651541966,33.43828434,32.62192722,31,0.965625,65.50923038,,,,,,,,,,
497,22.55906172,27.26807242,33,1.379370437,33.43828451,32.62192732,31,0.98203125,61.59433818,,,,,,,,,,
498,22.20745284,27.06864844,35,1.502966751,33.43828412,32.62192709,37,0.98203125,69.1153965,,,,,,,,,,
499,22.59662696,27.28947969,34,1.434810717,33.43828437,32.62192723,38,0.95234375,68.76821613,,,,,,,,,,
