,Predicted Beta,Calculated Beta,Norms,Times,,,,,AVG Pred,AVG Calc,AVG Norm,MAX Pred,Total Time Hr
0,29.47231947,36,0.82591532,32.2187345,,,,,36.583046,36.33,1.004604656,51.66277487,6.313085547
1,32.74349204,41,0.920625848,37.78446937,,,,,,,,,
2,45.73835934,34,1.403051686,32.4837594,,,,,,,,,
3,38.73996954,43,0.919447254,41.06566191,,,,,,,,,
4,42.09958223,41,1.272733509,37.5370729,,,,,,,,,
5,35.97947004,38,0.848764898,35.9977994,,,,,,,,,
6,34.72528312,36,1.029991379,35.36498809,,,,,,,,,
7,36.67321072,37,0.797542935,36.86088204,,,,,,,,,
8,32.73674339,31,0.849491173,33.42712855,,,,,,,,,
9,35.38634432,40,0.853033368,39.75559592,,,,,,,,,
10,33.69134886,33,0.902490341,34.76727295,,,,,,,,,
11,44.07166636,40,1.2977952,39.8871696,,,,,,,,,
12,37.27521815,39,0.839232608,38.61813974,,,,,,,,,
13,26.10154514,30,0.682768821,33.945997,,,,,,,,,
14,34.6623113,33,0.836538549,34.17499757,,,,,,,,,
15,41.51960097,28,1.345581251,31.65290093,,,,,,,,,
16,31.6787755,30,0.738586354,32.95536685,,,,,,,,,
17,43.57144511,41,1.264517555,40.27240539,,,,,,,,,
18,42.26335321,44,1.023298223,44.50154614,,,,,,,,,
19,28.17100252,34,0.717168559,38.10487437,,,,,,,,,
20,37.17988119,37,0.823908444,41.70108747,,,,,,,,,
21,27.94714224,29,0.746699992,32.50451851,,,,,,,,,
22,40.03777544,39,1.128902271,38.17837119,,,,,,,,,
23,45.27588545,49,1.386222743,69.2404871,,,,,,,,,
24,37.79307864,39,1.088348126,44.61889195,,,,,,,,,
25,41.09232666,41,1.182762095,42.56377935,,,,,,,,,
26,40.85737344,42,1.218673023,41.21656919,,,,,,,,,
27,34.15563697,36,0.836837244,35.8974061,,,,,,,,,
28,28.77215808,31,0.702455526,32.32234025,,,,,,,,,
29,37.53716293,41,1.080345965,42.986763,,,,,,,,,
30,35.91947077,34,1.037059888,35.81511784,,,,,,,,,
31,33.4298382,32,0.94472518,33.63373017,,,,,,,,,
32,37.87508452,34,1.054057118,34.46974111,,,,,,,,,
33,36.12111914,42,1.002805222,42.56898594,,,,,,,,,
34,37.61014643,37,1.023985405,38.10677743,,,,,,,,,
35,41.00287253,45,1.201683434,47.80622029,,,,,,,,,
36,38.66220452,35,1.14767365,36.29850888,,,,,,,,,
37,38.24375382,42,1.101896308,43.40345669,,,,,,,,,
38,31.67416001,29,0.85053905,32.67793083,,,,,,,,,
39,29.57142726,31,0.863794644,32.63447928,,,,,,,,,
40,39.2979188,40,1.12114444,40.62777019,,,,,,,,,
41,37.37169756,37,0.923131469,38.01828361,,,,,,,,,
42,42.83296345,36,1.476210342,36.85020018,,,,,,,,,
43,26.46921413,27,0.655713688,32.36053967,,,,,,,,,
44,42.9512661,47,1.172129705,58.15485072,,,,,,,,,
45,37.49121457,42,1.011753254,43.17563272,,,,,,,,,
46,36.86143985,41,1.15335008,40.29615998,,,,,,,,,
47,34.08110063,38,0.886684232,38.83441186,,,,,,,,,
48,38.91588673,41,1.076251273,41.07814002,,,,,,,,,
49,37.32131679,44,1.082205938,45.41818476,,,,,,,,,
50,48.50625637,48,1.374398322,61.63072157,,,,,,,,,
51,27.7542689,41,0.71661698,40.24299932,,,,,,,,,
52,36.00234143,30,0.941382114,31.94983721,,,,,,,,,
53,40.2968936,44,1.109655666,44.42425799,,,,,,,,,
54,34.12012419,32,0.886415161,34.34387422,,,,,,,,,
55,40.64854785,43,1.01367492,43.09799409,,,,,,,,,
56,33.53982788,35,0.882019943,35.78450513,,,,,,,,,
57,37.06455087,33,1.104155152,34.71818614,,,,,,,,,
58,26.66714599,36,0.749116125,36.82275558,,,,,,,,,
59,27.27281434,25,0.679876548,29.52000403,,,,,,,,,
60,35.40541775,40,0.948187357,40.85067677,,,,,,,,,
61,38.38704348,39,1.007490278,38.72796798,,,,,,,,,
62,41.53025124,44,1.358964816,44.83064151,,,,,,,,,
63,34.80311795,27,0.977144305,31.95236516,,,,,,,,,
64,46.43331649,45,1.452305562,48.46197534,,,,,,,,,
65,41.04263278,43,1.168103123,44.44518924,,,,,,,,,
66,44.78023976,45,1.512528387,48.53614211,,,,,,,,,
67,26.35403561,27,0.703677489,31.10712314,,,,,,,,,
68,37.01668123,40,0.959084239,41.24988818,,,,,,,,,
69,36.38389377,35,1.112346366,36.34185243,,,,,,,,,
70,42.09412161,40,1.429478279,42.48303199,,,,,,,,,
71,33.57049017,32,0.736220919,33.31389356,,,,,,,,,
72,39.95856361,39,1.201355115,40.09298539,,,,,,,,,
73,39.22828351,34,1.086010486,34.27308989,,,,,,,,,
74,42.85870021,41,1.310518153,41.05735445,,,,,,,,,
75,39.63255004,35,1.058776991,40.61481786,,,,,,,,,
76,41.95234834,44,1.190638732,42.6771903,,,,,,,,,
77,25.1866735,34,0.59880949,34.67188478,,,,,,,,,
78,33.60310147,38,0.754609307,37.61327457,,,,,,,,,
79,40.46937191,41,1.190755096,41.30429244,,,,,,,,,
80,40.279988,35,1.115014773,36.53082967,,,,,,,,,
81,42.42920127,41,1.33142835,40.37955832,,,,,,,,,
82,41.08909586,43,1.377908142,42.86853862,,,,,,,,,
83,38.94342789,26,1.122432983,30.64388871,,,,,,,,,
84,34.4448194,26,0.922335252,30.43944001,,,,,,,,,
85,45.24103211,42,1.33767621,43.65078068,,,,,,,,,
86,34.80708288,37,0.914317819,38.03612041,,,,,,,,,
87,46.90752378,35,1.423249963,35.62885904,,,,,,,,,
88,33.69514378,27,0.679889984,30.82412076,,,,,,,,,
89,39.94148286,36,1.094526965,37.38788009,,,,,,,,,
90,35.84272867,31,0.881533111,33.85439706,,,,,,,,,
91,43.89461532,32,1.23809341,34.38428664,,,,,,,,,
92,39.13925889,38,0.934438213,38.62628245,,,,,,,,,
93,44.09723394,46,1.286003153,51.48852825,,,,,,,,,
94,42.16197756,39,1.246103205,38.78388214,,,,,,,,,
95,28.7994747,42,0.671692968,43.1001327,,,,,,,,,
96,40.34903717,36,1.135957343,36.69913673,,,,,,,,,
97,23.69027139,31,0.713633692,33.96678948,,,,,,,,,
98,40.3200486,27,1.07931855,32.44559503,,,,,,,,,
99,35.6319108,41,0.891216582,43.77910256,,,,,,,,,
100,31.89497587,31,0.795059611,33.16158485,,,,,,,,,
101,32.77509753,37,0.697985176,36.21877575,,,,,,,,,
102,30.41525976,30,0.876275403,32.84791756,,,,,,,,,
103,42.56275889,41,1.221964478,40.37392306,,,,,,,,,
104,34.62870702,33,0.784133716,33.10126758,,,,,,,,,
105,41.61402357,43,1.366440749,44.03216958,,,,,,,,,
106,46.11548671,43,1.023950282,44.39708853,,,,,,,,,
107,40.75747209,41,1.014362712,39.74020696,,,,,,,,,
108,40.17726727,36,1.159772639,35.52911377,,,,,,,,,
109,26.55654809,20,0.66907068,27.15103316,,,,,,,,,
110,22.82429444,30,0.563254675,34.36216688,,,,,,,,,
111,40.51312666,30,1.22080329,31.80398107,,,,,,,,,
112,36.87700511,44,0.825555542,43.23323035,,,,,,,,,
113,41.25986904,46,1.07134296,52.82105398,,,,,,,,,
114,37.7525066,36,0.885180676,36.6613276,,,,,,,,,
115,39.96452365,37,1.068102512,36.87884808,,,,,,,,,
116,42.05709579,29,1.344200779,30.75807953,,,,,,,,,
117,30.63131042,33,0.80050515,34.26827097,,,,,,,,,
118,27.07416967,26,0.75442667,29.97246337,,,,,,,,,
119,36.98746223,40,1.053164696,38.192626,,,,,,,,,
120,37.7387787,42,1.168280263,41.13114905,,,,,,,,,
121,24.74693644,27,0.666423348,36.12862706,,,,,,,,,
122,34.68484806,28,0.881366051,31.12879682,,,,,,,,,
123,39.96743906,43,1.219633859,43.68439388,,,,,,,,,
124,31.84265125,24,0.777450333,32.98019171,,,,,,,,,
125,28.65637538,35,0.763716459,35.44783211,,,,,,,,,
126,34.55500727,33,0.953860123,35.86415744,,,,,,,,,
127,36.22781897,40,1.013749442,40.74593782,,,,,,,,,
128,37.83086209,28,0.978361687,32.08356714,,,,,,,,,
129,25.1953487,27,0.719907209,30.89832091,,,,,,,,,
130,33.59323605,35,0.956169363,45.1153121,,,,,,,,,
131,36.61204514,38,0.963296818,38.64896441,,,,,,,,,
132,40.9057299,38,1.096640127,46.44165349,,,,,,,,,
133,33.03449852,30,0.810612838,34.39806986,,,,,,,,,
134,35.04916499,40,0.966266361,42.04301476,,,,,,,,,
135,38.4802826,40,1.086676899,40.555825,,,,,,,,,
136,42.94295284,42,1.201565238,42.82345438,,,,,,,,,
137,42.84185617,43,1.365927958,42.71130538,,,,,,,,,
138,31.82308704,42,0.952428646,42.20688605,,,,,,,,,
139,31.69200753,30,0.885201445,32.46538258,,,,,,,,,
140,41.09904608,40,1.206665354,48.4591825,,,,,,,,,
141,36.10076216,41,0.831812566,41.75071669,,,,,,,,,
142,46.46207068,36,1.376203933,38.45457506,,,,,,,,,
143,38.15862009,31,0.97788066,34.36478829,,,,,,,,,
144,39.3141002,43,1.137606276,45.30653358,,,,,,,,,
145,31.79699961,29,0.722388396,32.82057118,,,,,,,,,
146,39.41204755,32,1.324695796,36.08961368,,,,,,,,,
147,39.09854108,34,1.048409088,35.84533477,,,,,,,,,
148,35.50562615,29,0.995937981,33.84181213,,,,,,,,,
149,39.57427701,38,1.085499832,44.39589477,,,,,,,,,
150,33.49512084,23,0.741741589,30.0367763,,,,,,,,,
151,33.6874461,38,0.872191097,39.55206394,,,,,,,,,
152,33.81262032,41,1.017873453,41.3890059,,,,,,,,,
153,36.79021876,43,1.004547307,43.58334923,,,,,,,,,
154,31.60136369,36,0.862308192,37.59170318,,,,,,,,,
155,32.83161748,39,0.919016313,43.55792975,,,,,,,,,
156,37.33165062,44,1.008428819,47.07799745,,,,,,,,,
157,34.71347308,32,0.773935624,34.94883323,,,,,,,,,
158,40.83377879,38,1.199814298,38.81620622,,,,,,,,,
159,33.08896071,34,0.982665281,35.33377552,,,,,,,,,
160,38.7501808,32,0.961253901,34.84812903,,,,,,,,,
161,36.24062564,36,1.09361286,35.98256159,,,,,,,,,
162,32.49477969,32,0.808431263,34.75293732,,,,,,,,,
163,40.76317202,40,1.146155129,41.78316569,,,,,,,,,
164,27.24298095,38,0.674806667,38.6423831,,,,,,,,,
165,34.65900768,25,0.870285311,31.85706353,,,,,,,,,
166,41.92170269,45,1.333183872,49.22246194,,,,,,,,,
167,36.92866334,38,0.946363728,38.25960207,,,,,,,,,
168,35.01878817,35,0.9465821,42.22508764,,,,,,,,,
169,37.21040828,24,0.916740672,30.18695378,,,,,,,,,
170,45.08318643,35,1.280784842,38.05873561,,,,,,,,,
171,44.06927553,44,1.527258219,49.45585346,,,,,,,,,
172,30.30915658,33,0.859581759,35.31898212,,,,,,,,,
173,37.90425003,36,1.154311829,37.2306602,,,,,,,,,
174,34.48030307,38,1.050497206,39.84844637,,,,,,,,,
175,33.54041223,37,0.810664759,39.81255984,,,,,,,,,
176,45.09702149,43,1.12158729,44.41333437,,,,,,,,,
177,37.86529643,28,0.920206209,31.40143275,,,,,,,,,
178,31.05892112,36,0.664523975,36.86682415,,,,,,,,,
179,44.48831857,40,1.14930059,40.61715841,,,,,,,,,
180,39.84816833,37,0.990478393,43.45268846,,,,,,,,,
181,41.68368141,46,1.311364458,52.6601069,,,,,,,,,
182,38.64728142,45,1.08535812,50.89625764,,,,,,,,,
183,39.00022178,41,1.070548882,43.53569555,,,,,,,,,
184,30.78866431,35,0.82379208,36.75136447,,,,,,,,,
185,35.34083945,31,0.882475621,34.119874,,,,,,,,,
186,44.49042971,39,1.356800649,45.33841014,,,,,,,,,
187,35.59966386,27,0.694617678,31.90251231,,,,,,,,,
188,44.1303056,41,1.407848524,42.83821774,,,,,,,,,
189,38.66002588,41,0.832520212,42.76364732,,,,,,,,,
190,39.85193818,42,1.185541978,44.64391065,,,,,,,,,
191,26.84540402,36,0.730180433,36.60323977,,,,,,,,,
192,40.0371414,43,0.936362629,43.95494747,,,,,,,,,
193,44.62909348,42,1.361782264,42.25315404,,,,,,,,,
194,37.06182967,42,0.991249259,45.65267491,,,,,,,,,
195,41.33052131,43,1.335845559,46.4955833,,,,,,,,,
196,29.19118888,39,0.837168313,40.17520881,,,,,,,,,
197,32.16685622,27,0.783379953,31.27269697,,,,,,,,,
198,25.40701156,29,0.673227369,32.01487732,,,,,,,,,
199,35.22508115,38,0.915758154,38.72756219,,,,,,,,,
200,38.00651698,41,1.02385652,41.20756459,,,,,,,,,
201,37.18960661,32,1.028196153,34.40751433,,,,,,,,,
202,31.23363391,33,0.888934219,34.46469259,,,,,,,,,
203,28.0388458,25,0.604427587,28.84286761,,,,,,,,,
204,42.25958287,43,1.162114253,43.90323186,,,,,,,,,
205,34.79248691,44,0.823276235,47.69373941,,,,,,,,,
206,34.20479705,29,0.85220081,31.75261617,,,,,,,,,
207,27.73139961,41,0.714845882,40.56215072,,,,,,,,,
208,27.74571578,34,0.854862495,35.46523857,,,,,,,,,
209,36.92044527,39,0.853057497,38.50624847,,,,,,,,,
210,33.03711084,37,0.79489316,38.14677525,,,,,,,,,
211,30.208983,35,0.745241027,36.11174202,,,,,,,,,
212,38.88804294,41,1.157578237,40.67422199,,,,,,,,,
213,41.45438297,41,1.304971523,40.86287498,,,,,,,,,
214,34.63500061,37,0.935574049,37.15924478,,,,,,,,,
215,44.31754478,40,1.187276732,40.4969728,,,,,,,,,
216,31.17013402,32,0.834527394,33.72645259,,,,,,,,,
217,33.22307127,40,0.858363765,40.78109145,,,,,,,,,
218,43.28464956,36,1.106332452,35.99171448,,,,,,,,,
219,39.49819488,40,1.056378571,40.52763057,,,,,,,,,
220,34.78906895,35,0.814387455,35.84198403,,,,,,,,,
221,42.30745011,46,1.132987798,53.76838851,,,,,,,,,
222,32.3724096,26,0.785463491,29.87470245,,,,,,,,,
223,34.95821332,30,1.036160137,32.26666188,,,,,,,,,
224,34.30603565,30,0.950242492,32.66640067,,,,,,,,,
225,26.38142864,17,0.483913515,25.65103865,,,,,,,,,
226,40.13849723,30,1.067863373,31.53486776,,,,,,,,,
227,35.95660447,40,1.127592958,38.90799594,,,,,,,,,
228,40.45628668,41,1.006880977,41.45057583,,,,,,,,,
229,25.04256776,33,0.644813142,34.60443497,,,,,,,,,
230,29.9861569,39,0.803286558,41.38493824,,,,,,,,,
231,34.30283513,27,0.826160872,30.80180359,,,,,,,,,
232,29.35243242,44,0.711651553,45.09335089,,,,,,,,,
233,40.90574582,40,1.255756745,39.87028813,,,,,,,,,
234,34.07955879,28,1.116406851,32.02051926,,,,,,,,,
235,31.3662993,28,1.038957123,31.65570879,,,,,,,,,
236,34.18980826,33,0.905573803,34.90832448,,,,,,,,,
237,31.00998622,36,0.930301986,36.57999372,,,,,,,,,
238,31.71080936,25,0.879804162,29.92247128,,,,,,,,,
239,32.9403778,30,0.952919449,32.56363082,,,,,,,,,
240,40.80423571,37,1.217818169,38.1342411,,,,,,,,,
241,33.34498202,40,0.868875212,40.64026856,,,,,,,,,
242,36.85743777,40,1.192856042,40.12411213,,,,,,,,,
243,36.99240959,43,0.91419718,45.26160026,,,,,,,,,
244,39.89093551,35,1.087711644,36.1146543,,,,,,,,,
245,30.99154514,36,0.759803185,36.38190341,,,,,,,,,
246,28.77867213,27,0.716454499,32.79461265,,,,,,,,,
247,44.4821369,36,1.412318264,36.67818522,,,,,,,,,
248,39.28247808,41,1.027837903,42.93156552,,,,,,,,,
249,42.4507781,42,1.203831109,42.01517463,,,,,,,,,
250,40.81731123,35,1.218589036,36.72080564,,,,,,,,,
251,36.56392251,37,0.849675644,38.08331728,,,,,,,,,
252,39.7961814,34,1.092466029,35.24168754,,,,,,,,,
253,38.7771915,40,1.058096526,39.97474098,,,,,,,,,
254,38.76131863,34,0.983948328,38.80991054,,,,,,,,,
255,35.42230626,38,0.845681434,37.8611393,,,,,,,,,
256,33.19818859,29,0.891452055,32.01604962,,,,,,,,,
257,40.64101494,41,1.206727046,41.35864139,,,,,,,,,
258,32.43722504,33,0.844858954,33.98239946,,,,,,,,,
259,33.50306352,38,0.889258263,38.87000418,,,,,,,,,
260,25.7192403,36,0.792647141,38.12217426,,,,,,,,,
261,35.65199398,42,0.734509682,42.54177618,,,,,,,,,
262,37.48512708,35,0.91910183,37.11994934,,,,,,,,,
263,33.18422583,22,0.784954365,28.82493067,,,,,,,,,
264,26.3774265,32,0.760922834,33.20577717,,,,,,,,,
265,39.85225644,46,1.077142778,51.94828033,,,,,,,,,
266,35.19970815,30,0.892458702,33.00095654,,,,,,,,,
267,36.39786692,41,0.837503964,41.52878618,,,,,,,,,
268,34.32924924,27,0.958428513,30.89966846,,,,,,,,,
269,35.2575123,37,0.983499674,38.90305924,,,,,,,,,
270,28.29951163,33,0.763957737,35.57572913,,,,,,,,,
271,36.44735196,41,0.963930554,40.57523584,,,,,,,,,
272,40.9405308,43,1.080258924,43.94478083,,,,,,,,,
273,35.75036611,36,0.961128987,37.99400997,,,,,,,,,
274,45.37544628,44,1.305989163,45.62651658,,,,,,,,,
275,34.0502752,34,0.952915782,35.00953722,,,,,,,,,
276,39.55792435,35,0.946573853,35.5681622,,,,,,,,,
277,34.13123317,37,0.687750129,37.28983808,,,,,,,,,
278,33.72210694,28,0.879418728,31.54106975,,,,,,,,,
279,42.37946726,43,1.241610256,44.67017603,,,,,,,,,
280,34.71151182,41,0.90114377,45.94978976,,,,,,,,,
281,34.94673808,26,0.930342302,30.17981362,,,,,,,,,
282,40.11666519,28,1.135521822,31.51128435,,,,,,,,,
283,34.60746441,38,1.047054269,38.91101098,,,,,,,,,
284,39.45536872,43,1.173856823,45.44598699,,,,,,,,,
285,36.88505293,28,0.902060624,31.18104124,,,,,,,,,
286,36.75636517,34,1.162007051,36.81234336,,,,,,,,,
287,39.564339,35,1.041204973,36.93799162,,,,,,,,,
288,36.34233897,36,0.92882317,38.63562703,,,,,,,,,
289,29.51293814,34,0.745939509,35.74882722,,,,,,,,,
290,37.02575758,28,0.899506138,34.99671602,,,,,,,,,
291,31.44304889,28,0.810264054,31.26884341,,,,,,,,,
292,35.78558911,37,0.924089857,38.09878397,,,,,,,,,
293,34.33935775,28,0.952552952,31.87809491,,,,,,,,,
294,48.01896855,50,1.449643874,82.48594594,,,,,,,,,
295,31.47330788,45,0.863533516,51.47871399,,,,,,,,,
296,41.48238021,39,1.105998024,40.60560608,,,,,,,,,
297,41.89388991,41,1.258521966,42.34300041,,,,,,,,,
298,40.32431857,45,1.025740927,50.05799484,,,,,,,,,
299,45.55954494,43,1.334843189,45.04857874,,,,,,,,,
300,38.82961478,38,1.114973847,39.00168681,,,,,,,,,
301,44.18937938,44,1.429483469,46.3965323,,,,,,,,,
302,41.23123757,47,1.230972368,60.57171631,,,,,,,,,
303,36.77088701,35,0.936771579,37.10892367,,,,,,,,,
304,36.94300664,41,0.81597897,41.74606538,,,,,,,,,
305,34.84698818,42,0.941825272,43.18744016,,,,,,,,,
306,29.77829405,31,0.795466118,34.26692891,,,,,,,,,
307,37.551405,35,1.025642888,37.1813488,,,,,,,,,
308,36.47001299,33,0.917532916,35.82943225,,,,,,,,,
309,37.44566495,32,0.896285237,36.76169848,,,,,,,,,
310,36.6658697,41,0.876462622,49.73367047,,,,,,,,,
311,35.67816021,26,0.856083848,47.20878577,,,,,,,,,
312,40.78695144,43,1.141018974,61.30432248,,,,,,,,,
313,25.99762194,29,0.672889277,43.68742394,,,,,,,,,
314,39.82963039,33,1.236828992,47.79580188,,,,,,,,,
315,28.77794631,28,0.815653701,46.08967543,,,,,,,,,
316,48.84197022,35,1.711606646,52.25644207,,,,,,,,,
317,38.18287801,38,1.055963208,55.6959095,,,,,,,,,
318,40.88219291,42,1.279931515,58.75953412,,,,,,,,,
319,42.43277304,39,1.425266917,55.36747766,,,,,,,,,
320,26.78529974,29,0.624473462,45.71107292,,,,,,,,,
321,35.08425271,39,0.924037021,56.49023509,,,,,,,,,
322,35.6506685,29,0.883362851,44.49614882,,,,,,,,,
323,35.36292451,28,0.997361516,44.30578065,,,,,,,,,
324,29.95906967,28,0.902381919,43.86232448,,,,,,,,,
325,38.07659155,44,1.011192207,61.82659793,,,,,,,,,
326,42.52992963,46,1.247698691,74.06619048,,,,,,,,,
327,37.56193919,37,0.939783576,52.84973526,,,,,,,,,
328,36.50808753,24,0.957312835,40.85468578,,,,,,,,,
329,41.38393874,38,1.289418602,52.90445781,,,,,,,,,
330,44.26765532,38,1.317031117,57.04026675,,,,,,,,,
331,41.39138252,35,1.196945237,49.71134686,,,,,,,,,
332,40.37031719,37,1.131266178,51.1009419,,,,,,,,,
333,30.35538874,36,0.811708053,51.40322161,,,,,,,,,
334,28.84034352,29,0.860359342,43.1226685,,,,,,,,,
335,31.98547993,23,0.881104921,40.42301798,,,,,,,,,
336,38.56633688,45,0.986904128,69.13817358,,,,,,,,,
337,31.1717184,29,0.802410018,44.13572454,,,,,,,,,
338,37.32930241,40,1.155436671,54.65753078,,,,,,,,,
339,35.45016838,40,0.936121658,54.4628737,,,,,,,,,
340,39.43371075,34,1.156735598,47.75685024,,,,,,,,,
341,34.61464454,40,0.782199528,57.65975714,,,,,,,,,
342,34.94964592,30,0.904976721,45.73336387,,,,,,,,,
343,36.16160488,38,1.063175873,54.97481179,,,,,,,,,
344,39.48518668,43,1.322004482,60.54515004,,,,,,,,,
345,36.9058883,35,0.849285018,50.20274806,,,,,,,,,
346,34.44941612,39,0.962107841,55.11223149,,,,,,,,,
347,37.16570097,28,1.018548418,42.19636774,,,,,,,,,
348,21.43964236,27,0.507045906,42.95282173,,,,,,,,,
349,38.54370015,32,1.065718753,44.75973201,,,,,,,,,
350,43.94736081,46,1.131083845,69.52245617,,,,,,,,,
351,45.9512929,49,1.475205529,99.11823559,,,,,,,,,
352,35.01685024,36,1.059892666,51.88112807,,,,,,,,,
353,38.47385865,43,1.044453972,60.88627934,,,,,,,,,
354,36.00400815,31,0.857799971,45.01932716,,,,,,,,,
355,36.85938142,36,1.13872409,50.99658322,,,,,,,,,
356,36.59020747,40,0.789482744,55.30540037,,,,,,,,,
357,43.91034938,47,1.346017689,82.10103559,,,,,,,,,
358,37.94431513,37,0.902664428,51.80657387,,,,,,,,,
359,28.97379444,33,0.792430909,48.59495926,,,,,,,,,
360,36.3415513,43,1.008248012,62.79510283,,,,,,,,,
361,39.96835946,36,1.08554992,51.40771794,,,,,,,,,
362,40.1326401,41,1.091649656,57.05230904,,,,,,,,,
363,44.91002299,42,1.405717345,60.85933614,,,,,,,,,
364,39.15238268,40,1.21898699,56.68927312,,,,,,,,,
365,29.63397137,41,0.721428479,55.45205784,,,,,,,,,
366,43.19741658,50,1.301014575,126.3490119,,,,,,,,,
367,36.85762765,32,1.116465491,65.73918939,,,,,,,,,
368,39.58063419,33,1.162507014,48.77278543,,,,,,,,,
369,31.83111632,28,0.781580452,44.70734,,,,,,,,,
370,37.4176953,39,1.049514383,56.67532182,,,,,,,,,
371,39.02486186,44,1.039859928,62.14931369,,,,,,,,,
372,26.09508561,29,0.68515258,46.49265647,,,,,,,,,
373,34.4833208,32,0.85958695,47.74168897,,,,,,,,,
374,39.86587286,47,1.05616539,94.44273257,,,,,,,,,
375,46.60029117,52,1.531966487,151.6749911,,,,,,,,,
376,35.92428369,28,0.800984346,66.53307366,,,,,,,,,
377,37.37164905,42,1.017258043,66.15592861,,,,,,,,,
378,36.90794828,32,1.068197191,49.69396806,,,,,,,,,
379,25.59587595,25,0.820651197,40.24579024,,,,,,,,,
380,39.17853193,45,1.134627261,68.36554337,,,,,,,,,
381,40.13910635,35,1.110223431,49.42487335,,,,,,,,,
382,36.48405532,41,0.895381822,56.31667495,,,,,,,,,
383,51.34986877,52,1.836745303,153.822541,,,,,,,,,
384,40.66272851,43,0.966892156,65.33076715,,,,,,,,,
385,45.78867587,41,1.006978711,59.35162044,,,,,,,,,
386,41.54479501,35,1.323451843,48.19581389,,,,,,,,,
387,41.68746142,46,1.350008844,74.0275166,,,,,,,,,
388,32.59120223,35,0.978250822,50.77823973,,,,,,,,,
389,24.70886021,29,0.704102016,44.40299201,,,,,,,,,
390,33.75151871,29,0.860457992,44.22856855,,,,,,,,,
391,36.60393973,41,1.012321324,56.56150723,,,,,,,,,
392,30.99793273,34,0.905289769,50.62840152,,,,,,,,,
393,29.5214805,40,0.77051651,55.59651423,,,,,,,,,
394,45.92707932,43,1.496699374,62.04699326,,,,,,,,,
395,39.64778991,44,1.057500968,62.72140288,,,,,,,,,
396,38.46908054,23,0.949908978,40.34925294,,,,,,,,,
397,41.07087938,43,1.102310145,59.46172547,,,,,,,,,
398,36.83636744,30,0.883972456,45.26300001,,,,,,,,,
399,31.81961515,29,0.898541027,45.27408552,,,,,,,,,
400,36.19426647,36,0.956385901,51.1412549,,,,,,,,,
401,40.46763232,43,1.155731089,61.42664576,,,,,,,,,
402,34.63639402,36,0.96040943,52.19346833,,,,,,,,,
403,29.68521792,20,0.820135658,44.58382297,,,,,,,,,
404,33.54396844,41,0.854278544,61.63136292,,,,,,,,,
405,35.93776608,30,0.958356131,45.19567037,,,,,,,,,
406,33.78125149,34,0.910344073,47.69861555,,,,,,,,,
407,40.75813725,42,1.376442765,59.94520354,,,,,,,,,
408,40.84592199,37,1.097038389,49.86339021,,,,,,,,,
409,39.14905556,33,0.94567563,47.0989809,,,,,,,,,
410,42.96639638,38,1.298635702,53.89979839,,,,,,,,,
411,33.97961309,37,0.956030704,51.93714547,,,,,,,,,
412,40.65739261,45,0.993944845,68.43722081,,,,,,,,,
413,32.62619746,40,0.829726891,54.86877251,,,,,,,,,
414,40.93088239,35,1.1119252,48.93012404,,,,,,,,,
415,37.70498701,41,1.037820981,64.10895181,,,,,,,,,
416,32.39271216,43,0.783626728,62.52458358,,,,,,,,,
417,37.43105539,43,1.047385034,60.84220171,,,,,,,,,
418,37.20072029,30,1.078649998,43.9872098,,,,,,,,,
419,43.59868539,41,1.306810424,58.28759694,,,,,,,,,
420,23.3465916,37,0.661144871,60.40852857,,,,,,,,,
421,34.53946549,39,1.001391459,65.99865866,,,,,,,,,
422,38.05356885,36,1.061242293,58.34112692,,,,,,,,,
423,29.59675829,30,0.668741748,47.38320255,,,,,,,,,
424,40.79134318,28,1.254590366,47.607306,,,,,,,,,
425,43.71236069,40,1.316798392,63.19557261,,,,,,,,,
426,37.78767644,42,1.152290294,60.45259356,,,,,,,,,
427,32.27262511,29,0.743269883,44.03154397,,,,,,,,,
428,35.16430913,35,0.970587059,51.6749301,,,,,,,,,
429,51.66277487,41,1.4599736,80.1213789,,,,,,,,,
430,36.83440372,43,0.981995508,71.57202315,,,,,,,,,
431,29.64910418,33,0.776679162,48.33096528,,,,,,,,,
432,37.0771952,38,1.055563115,53.33525658,,,,,,,,,
433,37.6043639,34,0.968173981,49.96530247,,,,,,,,,
434,32.65881372,19,0.682178148,38.51790571,,,,,,,,,
435,41.28598968,39,1.24543557,54.72242332,,,,,,,,,
436,41.9433004,47,1.287627957,85.33164597,,,,,,,,,
437,39.90782169,41,1.031015127,58.20724487,,,,,,,,,
438,42.37915301,45,1.413350566,69.64929199,,,,,,,,,
439,38.92865254,44,1.016222993,62.33610916,,,,,,,,,
440,40.17886755,37,1.14326041,51.16630101,,,,,,,,,
441,32.7663685,35,0.892179552,49.78313589,,,,,,,,,
442,36.98781464,35,0.97620821,50.74333644,,,,,,,,,
443,37.82011663,29,1.047334946,44.39622331,,,,,,,,,
444,34.5919876,33,0.86590292,47.76093578,,,,,,,,,
445,45.69779792,49,1.366473733,104.7585433,,,,,,,,,
446,39.2513065,38,1.114424101,53.56867766,,,,,,,,,
447,37.32462597,38,0.937538779,53.07503653,,,,,,,,,
448,45.43199113,37,1.292510006,62.68543577,,,,,,,,,
449,41.14651002,36,1.220245299,49.72750378,,,,,,,,,
450,36.40765476,25,1.07573207,41.29226065,,,,,,,,,
451,39.08025159,36,1.092991342,51.92331028,,,,,,,,,
452,32.94846876,25,0.87253988,42.58599091,,,,,,,,,
453,33.69164439,25,0.741851844,41.38243699,,,,,,,,,
454,33.42742299,40,0.858312761,57.14818549,,,,,,,,,
455,29.28080894,33,0.746093133,49.03768706,,,,,,,,,
456,26.02399449,31,0.776671527,45.34278107,,,,,,,,,
457,36.4343553,34,1.101663583,48.58799148,,,,,,,,,
458,40.91386033,48,1.237938562,92.21671152,,,,,,,,,
459,27.59120933,28,0.765332408,43.71979403,,,,,,,,,
460,40.26979079,44,1.106009323,64.94227815,,,,,,,,,
461,46.03063227,47,1.400260813,81.8343842,,,,,,,,,
462,24.06483979,30,0.810695604,45.99551988,,,,,,,,,
463,37.25819843,38,0.870364412,55.27698088,,,,,,,,,
464,38.26195044,42,1.143210322,60.41699219,,,,,,,,,
465,45.74975014,39,1.348374878,56.38733554,,,,,,,,,
466,35.20865871,34,0.908278555,50.17624593,,,,,,,,,
467,31.96407288,43,0.786609711,63.27217054,,,,,,,,,
468,36.82092605,31,0.904573573,46.63105631,,,,,,,,,
469,34.22524408,35,1.097566753,52.53616166,,,,,,,,,
470,38.3985953,33,1.145868953,50.74985528,,,,,,,,,
471,42.9038068,30,1.177255781,47.29324317,,,,,,,,,
472,42.4854928,42,1.238438834,63.51251006,,,,,,,,,
473,40.54674458,34,1.041206195,50.60197043,,,,,,,,,
474,31.61664968,36,0.936225804,52.08266377,,,,,,,,,
475,39.41545012,36,1.014931395,52.51036668,,,,,,,,,
476,33.96350903,37,0.833242516,52.37114763,,,,,,,,,
477,35.51497158,25,0.983432484,41.73544145,,,,,,,,,
478,39.54686977,41,1.091183593,58.9063561,,,,,,,,,
479,32.38986466,26,0.763324308,43.37304592,,,,,,,,,
480,22.8939547,23,0.652305568,44.29264832,,,,,,,,,
481,31.55223873,32,0.803340921,48.64247847,,,,,,,,,
482,46.2220265,49,1.533948319,109.5708106,,,,,,,,,
483,34.34651698,40,1.027978087,56.48096919,,,,,,,,,
484,32.2738626,35,0.791918424,52.79243612,,,,,,,,,
485,32.97910146,26,0.791093805,44.36688018,,,,,,,,,
486,33.10282427,38,0.918277517,56.28249335,,,,,,,,,
487,31.8460037,41,0.997315093,59.16370296,,,,,,,,,
488,30.76722235,24,0.738470601,42.44700217,,,,,,,,,
489,36.02206489,27,0.94570831,74.98641634,,,,,,,,,
490,38.26280859,37,0.985891679,58.72576356,,,,,,,,,
491,33.75430519,36,0.751066501,51.50216889,,,,,,,,,
492,36.64494253,45,0.911069431,70.58065724,,,,,,,,,
493,36.07822775,38,1.08503041,62.56955624,,,,,,,,,
494,22.81135763,24,0.571317004,40.38377309,,,,,,,,,
495,23.45176761,29,0.580841352,45.12615442,,,,,,,,,
496,39.12747247,39,1.044678756,57.5391283,,,,,,,,,
497,35.01099273,31,0.92849607,48.18632054,,,,,,,,,
498,37.92900421,37,1.263270549,54.7617712,,,,,,,,,
499,39.77892395,28,0.982662839,45.32585192,,,,,,,,,
